datetime,headline,label
2021.04.01,[글로벌포스트] 골드만삭스도 비트코인 투자상품 출시한다,1
2021.04.01,"비트코인, 페이팔·골드만에 환호…6만달러 넘고 또 최고가 쓸까",1
2021.04.01,"골드만삭스 ""비트코인 투자상품 내놓겠다""…6만달러 근접",1
2021.04.01,비트코인 '가즈아~' 7200만원 넘었다…역대 최고가 경신,1
2021.04.01,골드만삭스도 비트코인 투자상품 판다,1
2021.04.01,두나무만 있나?…비트코인發 비덴트 빗썸 가치 `관심`,1
2021.04.01,"인도, 기업들에 비트코인 공시 의무화…암호화폐금지법 폐기할 수도",1
2021.04.01,"[코인브리핑] 비트코인 7226만원, 최고가 새로 써",1
2021.04.01,[비트코인 지금]7200만원 돌파하며 신고가…주류 금융권 속속 편입,1
2021.04.01,"비트코인 불장에 가상자산 거래액, 코스피 추월",1
2021.04.01,"[포토] 비트코인, 7200만원 돌파",1
2021.04.01,"""월가 투자속도에 충격 받아…비트코인, 금(金) 시총 넘는다""",1
2021.04.02,"[GAM] ""비트코인 조정 임박...단기 지지선은 5만2000달러 예상""",1
2021.04.02,"비트코인, 7300만원 고지 넘었다…이더리움도 최고가",1
2021.04.02,"모건스탠리, 고객 자산운용에 비트코인 펀드·선물 투자 허용",1
2021.04.02,[비트코인 지금]첫 7300만원 돌파…더 많은 기관 몰린다,1
2021.04.02,비트코인 7400만원도 뚫었다…사상최고가 또 경신,1
2021.04.02,비트코인 직접투자 부담된다면 대안은 ETF?,0
2021.04.02,"""비트코인 재상승, 개인투자자 과열 때문""…조정 `경고등`",0
2021.04.03,기대감이 현실로…비트코인 다시 상승세 타다,1
2021.04.03,"윙클보스 제미니 CEO ""비트코인, 규제 걱정할 단계 넘었다""",1
2021.04.03,7400만원선 치솟는 `비트코인`…내년엔 1개 800만원 세금,0
2021.04.03,"국내 가상자산 거래소, 최고가 행진…비트코인 7300만원 후반 등락",1
2021.04.03,비트코인 7500만원 넘었다…역대 최고가,1
2021.04.03,비트코인 7500만원 넘었다...사상 최고가 연일 경신,1
2021.04.03,비트코인 7500만원 돌파..최고치 경신,1
2021.04.04,"비트코인, 최고가 경신 후 7200만원서 숨고르기",0
2021.04.04,암호화폐 시대 신호탄 쏜 美 코인베이스…韓선 업비트 상장설 솔솔,1
2021.04.04,‘비트코인 불장’ 가상자산 하루 21조 거래… 코스피 뛰어넘었다,1
2021.04.05,"최고점 찍고 하락하던 비트코인, 7400만원 안팎서 거래",1
2021.04.05,"美 유명 랩퍼 스눕독 ""비트코인 열풍, 일시적인 유행 아냐""",1
2021.04.05,국내 비트코인 투자 '과열'...김프 15% 넘었다,1
2021.04.05,"급등락 반복하는 비트코인…전문가 ""이유 모르겠다""",0
2021.04.05,이 시간 비트코인 7500만원 돌파했다 다시 하락,0
2021.04.05,[비트코인 지금] 7500만원대로 반등…코인베이스 美나스닥 상장 '호재',1
2021.04.05,"`금(金)→비트코인` 자금 이동 중…""비트코인 13만달러 갈 수도""",1
2021.04.05,해외보다 1000만원 더 비싸다…비트코인 '김프' 주의보,0
2021.04.05,한국인 비트코인 투자자 절반은 신규투자-100만원 미만 투자,0
2021.04.05,"이번엔 BNY멜론…""비트코인 가격, 7월 10만달러까지 오른다""",1
2021.04.06,진짜 1억 되나…비트코인 7800만원도 넘어섰다,1
2021.04.06,"[특징주] 제이씨현시스템, 비트코인 폭등 그래픽카드 품귀 소식 강세",1
2021.04.06,[코인브리핑] 비트코인 7950만원 터치,1
2021.04.06,NFT 맡기고 비트코인 대출받는다…델리오,1
2021.04.06,[비트코인 지금]7900만원 돌파…전체 코인 시총 2200兆 넘어,1
2021.04.06,"""최상위 포식자 비트코인, 실질적 가치저장수단은 이더리움""",0
2021.04.06,"""정부가 가만히 놔둘까""…비트코인이 못 미더운 `채권구루`",0
2021.04.07,"비트코인 8000만원 문턱서 주춤, '김치 프리미엄'은 여전",0
2021.04.07,[비트코인 지금]7800만원대로 하락…부담되는 김치 프리미엄,0
2021.04.07,"한국, 비트코인 광풍에…'김치 프리미엄' 1500만원 붙었다",0
2021.04.07,"""페이스북株 사고, 美국채 판다""…비트코인 강세론자의 투자전략",1
2021.04.07,8천만원 넘보던 비트코인 급락…7천만원도 깨졌다,0
2021.04.07,비트코인 7천만원 지지력 테스트…‘김프’는 축소,0
2021.04.08,"비트코인, 600만원 급락…""김치 프리미엄 너무 컸나""",0
2021.04.08,"코린이 어쩌나…전문가 ""비트코인 '김프' 여전히 15%, 과도하다""",0
2021.04.08,비트코인 7300만원대로 하락…한때 7000만원선 무너져,0
2021.04.08,"피터 틸 ""비트코인은 中의 금융무기""",1
2021.04.08,"피델리티 디지털에셋 대표 ""비트코인, 주류 편입될 변곡점 와 있다""",0
2021.04.08,[코인브리핑] 비트코인 9% 급락...7100만원 선,0
2021.04.08,[비트코인 지금]김치 프리미엄 차익 실현에…7200만원대로 폭락,0
2021.04.08,"피터틸 ""비트코인 지지하지만…中때문에 규제도 해야""",0
2021.04.08,"피터 틸 ""비트코인, 美 공격하는 中의 금융무기 될 수 있어""",0
2021.04.09,"급락하던 비트코인, 소폭 상승…7500만원 안팎 거래",0
2021.04.09,[코인브리핑] 비트코인 7500만원선 공방,0
2021.04.09,한국서 20%나 비싼 비트코인…김치 프리미엄 왜?,0
2021.04.09,[비트코인 지금]7400만원대로 반등…“상승세 이어간다” vs “중국·북한 악용 가능성”,0
2021.04.09,"""한국도 비트코인 펀드 위한 법제도 필요""",0
2021.04.09,충격 급락 비트코인 7500만원까지 회복...김프도 15%대로,0
2021.04.10,"비트코인에 투자한 월가 증권사 ""2분기도 강세장 계속된다""",1
2021.04.10,"비트코인, 급락 이후 7500만원대서 횡보",0
2021.04.10,"비트코인, 최고가 또 경신하나…3일만에 7900만원 돌파",1
2021.04.11,"머스크 ""(비트코인) 조만간 달까지 간다""...6만달러 돌파",1
2021.04.11,"비트코인 7900만원 돌파, 상승세 지속",1
2021.04.11,비트코인 거래가 7900만원대...8000만원 돌파?,1
2021.04.11,진격의 비트코인 8000만원 눈앞…김치프리미엄 더 높아졌다,1
2021.04.11,비트코인 7800만원대 등락…국제 시세와 천만원 이상 차이,0
2021.04.12,[글로벌포스트] 비트코인 6만달러-이더리움 2천달러..동반 신고가,0
2021.04.12,"비트코인, 7800만원대 횡보…'김치 프리미엄'은 16%",0
2021.04.12,"미 SEC, 위즈덤트리 비트코인 ETF 검토 시작…반에크 최초 의견 제출 마감",1
2021.04.12,"[특징주]주연테크, 비트코인 활황에 채굴 전용 PC 개발 부각으로 ‘강세’",1
2021.04.12,"코빗, 비트코인·이더리움 거래 작명권 NFT 경매 수익금 전액 기부",1
2021.04.12,"""비트코인, 본격 조정땐 반토막 날 듯…장기투자자는 그때 사라""",0
2021.04.12,[비트코인 지금] 거래소 줄상장 소식에 또 신고가…8000만원 눈앞,1
2021.04.12,한국 첫 비트코인 이더리움 거래 작명권 1억6천에 팔렸다,1
2021.04.12,비트코인 열풍에 뒤에서 웃는 AWS,1
2021.04.12,"""비트코인, 본격 조정 땐 반토막 날 듯…장기투자 적기""(종합)",0
2021.04.12,"비트코인 열풍 타고 나스닥行… 코인베이스, 대박일까 거품일까",1
2021.04.13,"""더 화끈한 코인이 좋다""…비트코인, 국내거래량 두달새 40% 감소",0
2021.04.13,너무 올랐나…비트코인 횡보 지속,0
2021.04.13,[코인브리핑] 비트코인 7900만원서 보합,0
2021.04.13,"타임지, 비트코인 수용...기업 자산으로 취급",1
2021.04.13,"갤럭시 디지털, 미 SEC에 비트코인 ETF 출시 신청",1
2021.04.13,'美 비트코인 ETF' 상장 기대감↑...서학개미도 '들썩',1
2021.04.13,[비트코인 지금]7800만원대에서 횡보…WSJ “코인베이스 가치 과대 평가”,0
2021.04.13,비트코인 가격 6만2000만달러 넘어..사상 최고치 경신,1
2021.04.13,"비트코인 8천만원도 넘었다…""코인베이스 나스닥 상장 역사적 사건""",1
2021.04.13,비트코인 사상최고치 경신..6만3000달러마저 돌파,1
2021.04.13,비트코인 또 신고가 갈아치웠다…이제 7만달러 넘보나,1
2021.04.14,"비트코인 신고가에 테슬라 8.6%↑…뉴욕증시, J&J 사태로 혼조 마감",1
2021.04.14,"美 공화당 하원 원내대표 ""정책 당국, 비트코인 더 자세히 이해해야""",1
2021.04.14,"[코인브리핑] 비트코인, 8200만원도 넘본다",1
2021.04.14,북미 첫 비트코인 ETF 자산 총액 10억달러 돌파,1
2021.04.14,코인베이스 나스닥 상장…비트코인 주류로 이끌까.1
2021.04.14,[비트코인 지금]8000만원 돌파…코인베이스 상장·ETF 기대↑,1
2021.04.14,"""비트코인 안 부럽다"" 이더리움 석달새 2배 뛰었다",1
2021.04.14,"""비트코인 거품이지만…테크株와 함께 가장 주목하는 투자처""",1
2021.04.14,[포토]비트코인 8천100만원 돌파,1
2021.04.14,"[포토]비트코인 8천100만원 돌파, 실체 없다더니…비트코인값 연일 신고점 갱신",1
2021.04.14,"[포토]비트코인 8천100만원 돌파, 비트코인값 연일 신고점 갱신",1
2021.04.14,[포토]비트코인 또 신고가 갈아치웠다,1
2021.04.14,[포토]코인베이스 나스닥 상장 기대감에 비트코인 8100만원대 돌파,1
2021.04.14,"[포토]비트코인, 사상 최고치 기록하며 ‘고공행진’",1
2021.04.14,[포토]美 최대거래소 코인베이스 상장 앞두고 비트코인 '고공행진',1
2021.04.14,[포토]미국 최대거래소 코인베이스 나스닥 상장 앞두고 비트코인 '고공행진',1
2021.04.14,[포토]비트코인 8100만원 넘어,1
2021.04.14,[포토]비트코인 코인베이스 상장 앞두고 상승 랠리,1
2021.04.14,[포토]비트코인 코인베이스 상장 앞두고 8100만원 돌파,1
2021.04.14,[포토]비트코인 코인베이스 나스닥 상장 앞두고 8100만원 돌파,1
2021.04.14,[포토]8천만원대 돌파한 비트코인…'사상 최고치 경신',1
2021.04.14,[포토]8100만원대 돌파한 비트코인…'사상 최고치 경신',1
2021.04.14,[포토]'꿈의 1억' 향해 질주하는 비트코인,1
2021.04.14,"비트코인 매수시마다 200억 뭉칫돈...""기업들 가상화폐 투자 2배 늘어""",1
2021.04.14,코인베이스 상장…날개 단 비트코인株,1
2021.04.14,비트코인 '김치 프리미엄' 노린 5만달러 해외송금 차단,0
2021.04.14,비트코인 질주 언제까지?..연일 신고점 찍는 세가지 이유,0
2021.04.15,"비트코인 다시 깎아내린 파월 ""투기 대상일 뿐""",0
2021.04.15,"코인베이스 상장한 날…파월 ""비트코인은 투기 수단""",0
2021.04.15,'비트코인 하락하면 수익' 인버스 비트코인 ETF 15일 加 거래소 상장,0
2021.04.15,"코인베이스 상장한 날, 비트코인 8000만원 안팎 거래",0
2021.04.15,"비트코인 인버스 ETF 상장에…""캐나다가 또 미국 앞섰다""",1
2021.04.15,[비트코인 지금]코인베이스 상장 축포 속에서…파월 “가상통화는 투기”,0
2021.04.15,비트코인 투자 위험도 ‘빨간불’..“언제든 큰 손실 가능”,0
2021.04.15,"이 시간 비트코인, 7900만원 안팎 형성",0
2021.04.16,"핑크 블랙록 CEO ""비트코인, 훌륭한 자산군으로 성장할 것""",1
2021.04.16,파월의 경고불구 비트코인 반등 성공..2%대 상승,1
2021.04.16,"미래에셋 호라이즌스 ETFs, 캐나다에 신규 비트코인 ETF 상장",1
2021.04.16,"미래에셋 호라이즌스 ETFs, 캐나다에 신규 비트코인 ETF 상장",1
2021.04.16,"[머니팁] 미래에셋 호라이즌스, 캐나다에 비트코인 ETF 2종 상장",1
2021.04.16,"미래에셋 호라이즌스 ETFs, 캐나다에 신규 비트코인 ETF 상장",1
2021.04.16,"미래에셋 호라이즌스 ETFs, 캐나다에 신규 비트코인 ETF 상장",1
2021.04.16,'비트코인 광풍'에 가상화폐 투자 사기 '역풍',0
2021.04.16,"블랙록 CEO ""비트코인, 훌륭한 자산군으로 성장할 것""(종합)",1
2021.04.16,"""비트코인 환치기 막는다""…업비트, 72시간 출금지연제 도입",0
2021.04.17,"""비트코인 분명한 가치저장 수단""…美연준 인사도 인정했다",1
2021.04.17,가상화폐 광풍…비트코인 7900만원대 거래,1
2021.04.17,터키 중앙은행 사태 불구 비트코인 다시 상승세,1
2021.04.18,‘코인베이스 상장 효과’ 끝나…비트코인 7800만원선 거래,0
2021.04.18,비트코인 7800만원대...이더리움 310만원선 근접,0
2021.04.18,"[코인브리핑] 비트코인 7100만원, 주말새 1천만원 증발",0
2021.04.18,다시 400원대 회복한 도지코인...비트코인은 하락중,0
2021.04.19,비트코인 등 가상화폐 급락‥도지코인만 강세,0
2021.04.19,"""미 재무부 조사"" 루머에 비트코인 한때 14%나 폭락",0
2021.04.19,"[속보]정부, 6월까지 비트코인 등 가상자산 불법행위 집중단속 실시",0
2021.04.19,비트코인 급등락 속 자금세탁·사기 특별단속,0
2021.04.19,비트코인 1시간 14% 폭락 이유는?,0
2021.04.19,"비트코인 1000만원 폭락…""美 재무부 돈세탁 조사설""",0
2021.04.19,[코인브리핑] 비트코인 7560만원대 회복...가격 줄다리기,0
2021.04.19,치솟는 비트코인...정부 6월까지 불법행위 특별단속,0
2021.04.19,[비트코인 지금] 거품 논란과 규제 우려에 7300만원대로 급락,0
2021.04.19,"비트코인 가격 뛰자 해외송금 제한…우리銀, 중국송금 1만달러 한도",0
2021.04.20,'도지 데이' 맞은 도지코인 신고가…비트코인 하락세,0
2021.04.20,"비트코인 7000만원 무너졌다…정부, 이달부터 특별단속",0
2021.04.20,"모건스탠리 ""중앙은행 발행 디지털화폐, 비트코인에 위협 안돼""",0
2021.04.20,[비트코인 지금]정부 개입에 6800만원대로 급락,0
2021.04.20,"비트코인 선물 예치금, 1년간 170% 늘었다",1
2021.04.20,[포토] '코스피 랠리' 최고치 경신…단속 우려 비트코인은 급락,0
2021.04.20,비트코인 '김프' 차익거래 단속,0
2021.04.20,잇단 정부규제 움직임에 비트코인 가격 '널뛰기',0
2021.04.20,비트코인 7000만원 무너졌다…일시적 현상? 추세적 하락?,0
2021.04.20,"테슬라 이어 위워크도 ""비트코인 결제 가능""",0
2021.04.21,"비트코인 가격 급락…""매수 기회"" 지적까지",0
2021.04.21,"갤럭시아머니트리, 델리오와 비트코인 결제 서비스 출시…""카페·편의점 즉시 결제 가능""",0
2021.04.21,"갤럭시아머니트리, 델리오와 비트코인 결제 서비스 런칭",0
2021.04.21,"갤럭시아머니트리,델리오와 비트코인 결제 서비스 론칭...""카페·편의점서 즉시 결제""",0
2021.04.21,"갤럭시아머니트리, 델리오와 비트코인 결제 서비스 런칭",0
2021.04.21,美 최초 '비트코인 인버스'의 초라한 성적표,0
2021.04.21,"[비트코인 지금] 7000만원 밑돌아…기관투자자 ""저가 매수 기회""",1
2021.04.21,“비트코인에 빠져 회사도 그만 둔 남편…이혼 가능할까?”,0
2021.04.21,"에이브(AAVE), 21일 와이즈비트코인 USDT 마켓 상장",1
2021.04.21,"화폐 아니라지만…비트코인, 결제 수단으로",1
2021.04.21,"다시 쏟아지는 악담…""상승모멘텀 끝난 비트코인, 끔찍할 것""",0
2021.04.22,"비트코인 연일 하락세, '단기 조정론'도 잇따라",0
2021.04.22,"주식·부동산·비트코인, 1분기 독서 인기 검색어",1
2021.04.22,"'낙관론자' 마이너드 CIO ""비트코인 단기간에 반토막 날수도"",",0
2021.04.22,"`헤지펀드 전설` 빌 밀러 ""비트코인, 金 넘는 가치저장수단 될 것""",1
2021.04.22,"비트코인 6500만원선도 위태…전문가 ""반토막 날 수도""",0
2021.04.22,"[비트코인 지금] 美전문가""시장 거품 심해…2만달러까지 하락할수도""",0
2021.04.22,[포토] 약세 보이는 비트코인,0
2021.04.22,비트코인 6300만원대까지 폭락…8일새 1800만원 붕괴,0
2021.04.22,도지코인 30센트대 무너져‥비트코인 5만5천달러 회복,1
2021.04.22,"""가상화폐 보호 못해"" 발언에…비트코인 6300만원대 폭락 후 소폭 반등",1
2021.04.23,[줌 인 해외부동산] 만약 비트코인으로 미국 부동산 매매가 가능하다면?,1
2021.04.23,"[글로벌포스트] 비트코인 하락-알트코인 상승...""시장 위험""",0
2021.04.23,비트코인 6100만원까지 하락...리플 1300원대 도지코인 폭락세,0
2021.04.23,"비트코인 10% 넘게 급락, 6000만원대…'김치 프리미엄'도 줄어",0
2021.04.23,"6000만원대까지 추락 비트코인…""단기급등 거품, 조정 후 다시 오를 것""",1
2021.04.23,"""갤럭시아머니트리, 좁쌀코인비트코인 스왑 및 NFT 사업 기대"" - KTB투자증권",1
2021.04.23,"'비트코인 은닉재산 찾아라'…예보, 검찰과 공조해 전문교육 실시",0
2021.04.23,"[포토]비트코인, 오전 한때 5천만원대까지 하락",0
2021.04.23,'비트코인 압류'에 밀린 세금 낸 병원장…고액체납 676명 가상화폐 압류,1
2021.04.23,비트코인 한달 만에 5000만원대로…시총 1兆달러 밑으로,0
2021.04.23,"비트코인, 규제·세금에 매물폭탄…""당분간 더 떨어진다""",0
2021.04.23,한화증권 9.9%↓…비트코인 급락에 코인테마주도 '우수수',0
2021.04.23,"비트코인 5만달러도 무너졌다…""이러다 반토막날라""",0
2021.04.23,[포토]숨 고르기에 들어간 비트코인,0
2021.04.23,[포토]급락한 비트코인,0
2021.04.23,[포토]하락세에 들어간 비트코인,0
2021.04.23,[포토]비트코인 급락,0
2021.04.23,[포토]비트코인 5만달러선 붕괴,0
2021.04.23,[포토]비트코인 하락세,0
2021.04.23,[포토]국내 비트코인 5600만원대 15% 급락,0
2021.04.23,[포토]국내 비트코인 하락세,0
2021.04.23,[포토]5만달러선 무너진 비트코인,0
2021.04.23,[포토]하루새 15% 하락한 비트코인,0
2021.04.23,"[포토]비트코인, 하루새 15% 하락",0
2021.04.23,"[포토]비트코인, 하루만에 15% 하락",0
2021.04.23,"[포토]하루 15% 하락, 숨 고르기 들어간 비트코인",0
2021.04.23,"[포토]급락한 비트코인, 숨 고르기",0
2021.04.23,비트코인 펀드·ETF…해외선 제도권 깊숙이,1
2021.04.23,美 규제 움직임에…비트코인 5천만원대로 곤두박질,0
2021.04.23,[포토] 5만달러 선 밑까지 떨어진 비트코인,0
2021.04.23,"규제·세금에 무너진 비트코인…""저가매수 아직 이르다""(종합)",0
2021.04.24,비트코인 폭락에 암호화폐 시총 2000억달러 이상 사라져,0
2021.04.24,[위클리 코인]규제에 울었다…비트코인 한주새 1600만원 `뚝`,0
2021.04.24,암호화폐 단속 강화 전망에 비트코인 닷새째 하락…시총 1조 달러 붕괴,0
2021.04.24,국내 비트코인 다시 6000만원대 회복…전날 급락 후 소폭 반등,1
2021.04.24,'롤러코스터 타는 비트코인' 다시 5천만원대로,0
2021.04.24,글로벌 금융위기 예측한 탈레브 “비트코인은 불법 다단계 금융사기”,0
2021.04.24,비트코인 5일 연속 하락…도지코인도 10% 넘게 빠져,0
2021.04.24,"'비트코인 급락', 집 나간 투자자들 증시로 돌아올까",0
2021.04.24,"[보안 따라잡기]비트코인 열풍에…""거래소 계정정보 조심하세요""",0
2021.04.25,"[비트코인 비틀기] 비트코인의 동력인 서사, 어떻게 끝날까",0
2021.04.25,비트코인 6100만원대 회복… 가상화폐 반등세,1
2021.04.25,'하향 곡선' 비트코인 가격 소폭 반등…도지코인 10% 넘게 올라,1
2021.04.25,[코인브리핑] 비트코인 주말새 600만원 회복,1
2021.04.25,비트코인 폭락… 개미들 증시로 돌아올까,0
2021.04.25,자동차세·재산세 체납하고도 '비트코인' 투자…체납자 287명 가상화폐 추가 압류,0
2021.04.26,"비트코인, 순식간에 5%↓ 4만8천달러 하회‥도지코인 10% 추락",0
2021.04.26,[속보] 비트코인 7시간만에 3.8%↓…4만8113달러,0
2021.04.26,"소폭 반등하던 비트코인, 다시 6000만원 밑돌아",0
2021.04.26,"코빗, 5000만원 상당 비트코인 피싱 예방",1
2021.04.26,"짐 로저스 ""비트코인, 각국 정부가 불법화·금지시킬 수 있다""",0
2021.04.26,"지닥거래소, 국내 최초 비트코인 기부…흑자전환 기념 환원",1
2021.04.26,"비트코인, 6300만원까지 상승...반등 조짐?",1
2021.04.26,[비트코인 지금] 6200만원대로 회복…엇갈리는 전망,1
2021.04.26,비트코인 6300만원대 회복… 조정 끝내고 반등 신호?,1
2021.04.27,목재부터 주식·비트코인까지 '에브리싱 랠리'…거품 붕괴 우려,0
2021.04.27,사기라던 美 최대 은행의 변심‥비트코인 7%급등,1
2021.04.27,"JP모건, 올 여름 비트코인 펀드 출시한다",1
2021.04.27,기술주 실적에 쏠리는 눈‥나스닥 사상 최고·비트코인 8%↑(종합),1
2021.04.27,JP모건의 첫 비트코인 펀드 나온다…가상자산 반등하나(종합),1
2021.04.27,"4만7000달러까지 갔던 비트코인, 5만3000달러 '급등'…도지코인도 7% 이상 ↑",1
2021.04.27,비트코인 국내 가격 6300만원대로 반등…알트코인도 오름세,1
2021.04.27,“비트코인·기술주 동조화 약화 전망…펀더멘털 차이”,0
2021.04.27,"비트코인, 6400만원대 거래중…24시간 전보다 7% 이상 급등",1
2021.04.27,테슬라 비트코인 팔아 1분기 1천억 챙겼다…가상화폐 가격 반등,1
2021.04.27,"테슬라, 올해 1분기 비트코인 팔아 1120억원 벌었다..먹튀 비난 봇물",0
2021.04.27,[코인브리핑] 업비트 상장 가상자산 전체 종목 상승,1
2021.04.27,"테슬라 ""비트코인 매각 1200억 수익‥장기투자한다""",1
2021.04.27,'비트코인은 사기'라던 JP모건…올 여름 가상화폐 펀드 내놓는다.1
2021.04.27,"""난 안팔았어"" 테슬라 비트코인 일부 처분에 비난일자 진화 나선 머스크",0
2021.04.27,'비트코인도 팔았다' 테슬라 판매 급증에도 수익성 하락,0
2021.04.27,"테슬라, 비트코인 1100억원 시세차익...머스크 ""내껀 안 팔아""",0
2021.04.27,[비트코인 지금] 6300만원대로 반등…JP모건은 코인 펀드 결국 출시,1
2021.04.27,"홍남기 부총리, 비트코인 논란에 ""암호화폐 아닌 가상자산…내년 과세 불가피""",0
2021.04.27,"홍남기 부총리, 비트코인 논란에 ""암포화폐 아닌 가상자산""…내년 과세 불가피""",0
2021.04.27,테슬라 깜짝실적은 비트코인 덕?…2차전지株 하락,0
2021.04.27,"韓은 사기라는데…JP모건 ""비트코인펀드 출시""",1
2021.04.27,"'비트코인 예찬' 머스크, 테슬라 보유분 팔아 1100억 챙겼다",0
2021.04.27,"비트코인, 6400만원대 거래.. ‘JP모간 시장 진입설’에 반등",1
2021.04.27,'잔재주에 실망' 테슬라 주가 4% 급락‥비트코인 2%↑,1
2021.04.28,"뉴욕증시, FOMC·실적 눈치보기 혼조세‥비트코인 2%↑(종합)",1
2021.04.28,비트코인 팔아 치운 테슬라 4% 급락[서학개미모닝브리핑],0
2021.04.28,[글로벌포스트] 비트코인 5.5만달러 회복-이더리움은 최고가,1
2021.04.28,테슬라 팔았지만…비트코인은 상승세 이어가,1
2021.04.28,"리서치 ""지난주 비트코인 온체인 활성도, 역대 최고 수준""",1
2021.04.28,폭등 서울아파트…비트코인 중국 환치기꾼들도 탐냈네,1
2021.04.28,"암호화폐 빠진 넥슨, 비트코인 1130억원 샀다",1
2021.04.28,"넥슨 日법인, 1130억원 규모 비트코인 샀다 (종합)",1
2021.04.28,"넥슨, 비트코인 1130억원어치 샀다",1
2021.04.28,"한은 ""CBDC 모의실험 추진…비트코인은 화폐 아니란 공감대 형성""",1
2021.04.28,[비트코인 지금] 바이낸스 NFT 시장 진출…한때 6500만원대 회복,1
2021.04.28,비트코인 뜨자 가상화폐 거래소 사칭 스팸문자도 급증했다,1
2021.04.28,"비트코인에 꽂힌 넥슨, 日법인 1억弗 규모 매수",1
2021.04.28,"김정주도 머스크처럼…넥슨, 비트코인 1130억원 매입",1
2021.04.28,"테슬라, 비트코인 2.7조원 가까이 보유",1
2021.04.28,"[최정희의 이게머니]규제칼날에 스러질까, 제도권 편입할까…비트코인 운명은?",1
2021.04.29,"테슬라, 비트코인 24억달러어치 보유",1
2021.04.29,"美 SEC, 비트코인 직접투자 ETF 승인 결정 연기",0
2021.04.29,'비트코인 환치기' 맛집 된 서울 아파트?...외국인 거래량 36%↑,1
2021.04.29,"美 비트코인 ETF 승인 심사 1개월 연장, 6월에 결정",1
2021.04.29,"'미국판 백종원' 틸만 페르티타 레스토랑 브랜드, 비트코인 결제 지원",1
2021.04.29,"골드만삭스의 경고…""비트코인, 다른 가상화폐에 밀릴 수도""",0
2021.04.29,"""비트코인은 금 아닌 구리에 가까워""-골드만삭스",1
2021.04.29,[비트코인 지금] 또 미뤄진 비트코인 ETF출시…6월 결정,1
2021.04.29,"골드만삭스 ""비트코인은 금보다 구리쪽""",0
2021.04.29,"'만년 2등' 이더리움, 비트코인 주춤하자 연일 신고가",0
2021.04.30,경제지표·실적 호조‥S&P500 사상 최고·비트코인 3%↓(종합),1
2021.04.30,"비트코인·도지코인은 주춤, 이더리움은 상승세",0
2021.04.30,"비트코인 지고, 이더리움 뜬다…""신고가 경신""",0
2021.04.30,[비트코인 지금] 美 가상화폐 규제로 해커 추적 검토,0
2021.05.01,엇갈린 아마존·테슬라 주가‥비트코인 7%↑,1
2021.05.01,비트코인 국내 가격 6% 넘게 급등…6700만원대 거래,1
2021.05.01,"""시총 1조 달러 탈환""…비트코인 등 급등",1
2021.05.01,"비트코인, 시총 1조달러 회복",1
2021.05.01,암호화폐 상승세..비트코인 7% 상승 6800만원대 거래,1
2021.05.01,7000만원 넘보는 비트코인…도지코인도 상승세,1
2021.05.02,"버핏 ""애플 판 것은 실수""…2인자 멍거 ""비트코인 증오""",0
2021.05.02,"이더리움, 도지코인 급등···비트코인도 상승세",1
2021.05.02,[비트코인 비틀기] 일론 머스크는 자본시장법을 위반했을까,0
2021.05.02,"워런버핏 동업자 찰리멍거 ""비트코인 역겹다""",0
2021.05.02,"버핏 동업자의 경고…""비트코인 역겹고 납치범에게나 유용""",0
2021.05.02,"워런 버핏 ""애플 판 것은 실수""…2인자 멍거는 ""비트코인 증오""",0
2021.05.02,"버핏 ""로빈훗, 도박 부추겨""… '절친'멍거는 ""비트코인 극혐""",0
2021.05.03,"[특징주] 갤럭시아머니트리, 삼성전자 제2의 비트코인 'NFT' 지분 추가 투자..사업 확장 기대↑",1
2021.05.03,[비트코인 지금] 버핏 동업자 “비트코인 혐오”…그럼에도 7000만원 돌파,1
2021.05.03,비트코인·이더리움 쌍끌이...가상자산 상승장 다시 오나,1
2021.05.03,‘비트코인 하락’에 베팅해볼까…비트코인 하락 때 돈 버는 인버스 ETF 등장,0
2021.05.03,이더리움 끌고 비트코인 밀고… ‘쌍끌이’ 상승장 기대,1
2021.05.03,"이더리움 끌고, 비트코인 밀고…가상자산 시총 또 `사상최대`",1
2021.05.03,"""디지털화폐가 가상화폐 대체""…""비트코인, 금처럼 계속 거래""",1
2021.05.03,"올들어 4배 뛴 이더리움, 반등하는 비트코인…랠리 재개(종합)",1
2021.05.04,"바이낸스 CEO ""이더리움, 중앙銀 디지털화폐·비트코인 압도할 것""",1
2021.05.04,[비트코인 지금] 이더리움 400만원 돌파…비트코인은 주춤,1
2021.05.05,"JP모건 회장 ""비트코인 지지자 아니지만…고객들은 관심 있어""",1
2021.05.05,조정장에 기관투자가들은 비트코인·이더리움 사 담았다,1
2021.05.05,도지코인 25% 폭등하는데 비트코인은 5% 하락…왜?,0
2021.05.05,범죄 동원된 비트코인 2건중 1건은 마약대금이었다,0
2021.05.05,비트코인 채굴로 돈 벌면 전기료 빼고 세금 매긴다,0
2021.05.05,"왕서방 돈세탁, 대학생은 마약구매…'범죄화폐'된 비트코인",0
2021.05.06,"외신 ""미국 수백개 소형 은행, 고객에 비트코인 보유·거래 지원 전망""",1
2021.05.06,[비트코인 지금] 수백 개 은행서 거래 눈앞인데…JP모건 “관심 없다”,0
2021.05.06,"비트코인, 7000만원대 돌파…이더리움 420만원대 거래",1
2021.05.07,"골드만삭스, 비트코인 파생상품 출시",1
2021.05.07,[현장에서] 정부가 비트코인을 '화폐'로 인정하지 않는 2가지 이유,0
2021.05.07,[비트코인 지금] 6700만원대로 하락…SEC 위원장 “거래소 규제법 필요해”,0
2021.05.07,"골드만삭스, '변동성' 잡은 비트코인 가격 연동 파생상품 개시",1
2021.05.07,"퀀텀, 이오스, 비트토렌트...'메이저 알트코인' 불장",0
2021.05.07,"퀀텀, 이오스, 비트토렌트...'메이저 알트코인' 불장",0
2021.05.08,"SEC 위원장 ""비트코인 규제할 당국 필요…투자자 보호해야""",0
2021.05.08,[위클리 코인]`알트코인의 시간`…비트코인 사 담는 기관들,1
2021.05.08,고개 드는 '긴축 시그널'…비트코인 하락?,0
2021.05.08,비트코인 6700만원대…머스크 방송 출연 앞두고 도지코인↑,0
2021.05.09,"골드만삭스, 사상 첫 비트코인 파생상품 거래",1
2021.05.09,"가상화폐 제도화로 시장 키우기?…""지금 일본을 봐라""[비트코인 비틀기]",1
2021.05.09,[코인브리핑] 비트코인 7100만원대 탈환,1
2021.05.09,비트코인 급등에… 거래소 계정 탈취 시도 늘었다,1
2021.05.10,모건크릭 CEO “비트코인 5년 안에 25만달러 간다”,0
2021.05.10,[비트코인 지금] 7100만원대로 올라…“5년 내 3억원 가까이 오른다”,1
2021.05.11,비트코인 5% 빠져 5만5000달러 선···인플레이션 우려 작용,0
2021.05.11,"지난주 도지코인 구글 검색량, 비트코인 추월",0
2021.05.11,비트코인 비중 4개월 만에 70%→43%…알트코인 거품 신호,0
2021.05.11,[코인브리핑] 비트코인 6900만원 아래로,0
2021.05.11,[비트코인 지금] 약해지는 지배력…가상화폐 시장 폭락 가능성 제기,0
2021.05.11,"[단독] 비트코인 비튼 씨티은행 ""발행 총량 늘어날수도”",1
2021.05.12,"미 빅데이터 업체 팰런티어, 비트코인 보유 검토",0
2021.05.12,"`비트코인 고래`, 5개월 반만에 최저…조정국면 본격화할까",0
2021.05.12,"페이팔 창업자, 팔란티어 ""비트코인 결제 허용""",1
2021.05.12,[비트코인 지금] 7000만원대 회복…기업들 참여 행렬 이어져,1
2021.05.13,"[속보] 머스크 ""자동차 대금 비트코인 결제 중단""",0
2021.05.13,"머스크 ""자동차 대금 비트코인 결제 중단""",0
2021.05.13,"[속보] 머스크 ""테슬라 비트코인 결제 중단""…비트코인 급락",0
2021.05.13,"[속보] 머스크 ""테슬라 비트코인 결제 중단""...비트코인 급락",0
2021.05.13,비트코인·이더리움·도지코인 모두 급락,0
2021.05.13,"머스크 ""비트코인 결제 중단"" 선언 왜?",0
2021.05.13,"머스크 변덕에 코인 급락…""테슬라 비트코인 결제 중단"" [종합]",0
2021.05.13,"[특징주] 머스크, 테슬라車 비트코인 결제 중단…관련株 약세",0
2021.05.13,"[특징주] 머스크, 테슬라車 비트코인 결제 중단…관련株 약세",0
2021.05.13,"테슬라 비트코인 결제 지원 일시 중단...""환경 오염 우려""",0
2021.05.13,"손정의 소프트뱅크 회장 ""비트코인 논란 많은데… 솔직히 잘 몰라""",0
2021.05.13,"""비트코인 거래 안 한다""…위선의 끝판왕 일론 머스크",0
2021.05.13,"[포토]비트코인 시세, 급락 후 회복",1
2021.05.13,[포토]머스크 폭탄선언에 비트코인 급락 후 회복,1
2021.05.13,[포토]테슬라 비트코인 결제 중단에 비트코인 ’급락 후 회복‘,1
2021.05.13,[포토]테슬라 비트코인 결제 중단 소식에 비트코인 ’급락 후 회복‘,1
2021.05.13,[포토]테슬라 비트코인 결제 중단 소식에 가상화폐 ’급락 후 회복‘,1
2021.05.13,[포토]테슬라 비트코인 결제 중단 요동치는 가상화폐,0
2021.05.13,[포토]머스크 폭탄발언에 비트코인 '뚝',0
2021.05.13,[포토]테슬라 창업자 일론 머스크 폭탄발언에 비트코인 '하락 후 회복',1
2021.05.13,[포토]테슬라 창업자 일론 머스크 폭탄발언에 비트코인 '폭락 후 회복',1
2021.05.13,[포토]테슬라 창업자 일론 머스크 폭탄발언에 비트코인 '폭락 후 회복 중',1
2021.05.13,[포토]'폭락 후 회복 중인 비트코인',1
2021.05.13,"""내재가치 없다""면서도…애크먼 ""비트코인 왜 몰랐는지 자책""",1
2021.05.13,[코인브리핑] 비트코인 하루만에 천만원 증발,0
2021.05.13,[비트코인 지금] 머스크 비트코인 결제 보류 발언에 6000만원대로 급락,0
2021.05.13,비트코인이 환경 파괴? 머스크 '변덕'에 꼬리무는 의문점,0
2021.05.13,"""비트코인으로 테슬라 못 사"" 코인폭락 부른 머스크의 변덕",0
2021.05.13,[포토] 머스크 한마디에 급락한 비트코인,0
2021.05.13,"또 새벽 기습공격…머스크 ""비트코인, 에너지 사용 미쳤다""",0
2021.05.13,"비트코인 폭락 초래한 머스크 또 트윗 ""에너지 소모 미쳤다""",0
2021.05.14,머스크 발언·바이낸스 조사 악재 만난 비트코인 6%대↓,0
2021.05.14,"널뛰기 비트코인, 1시간 전 6% 하락했다 4% 반등…다시 5만달러 회복",1
2021.05.14,머스크 변덕에 美 세계최대 거래소 돈세탁 조사까지…비트코인 4만달러대 급락,0
2021.05.14,[비트코인 지금] 머스크 또 환경문제 지적…6300만원대에 머물러,0
2021.05.14,비트코인 때리고 도지코인 띄운 머스크…테슬라 판매위한 술수?,0
2021.05.14,"[복덕방기자들]부동산vs비트코인, 무엇에 투자할까?",0
2021.05.15,머스크 입김? 비트코인 6100만원대 횡보…이더리움·도지코인은 반등,1
2021.05.15,"""카지노 같은 투기 온상""…비트코인에 등 돌린 `월가 채권왕`",0
2021.05.16,비트코인 이더리움 도지 하락하는데 카르다노 16%↑ 왜?,0
2021.05.16,[비트코인 비틀기] 가상화폐가 튤립 버블? 뉴턴도 당한 ‘남해 버블’에 가깝다,0
2021.05.16,"머스크의 비트코인 배신, 친환경 코인에게는 호재",0
2021.05.16,"""가상화폐 거품 깨지나""…비트코인 1주일새 18% 빠졌다",0
2021.05.16,'머스크 리스크' 비트코인 한달새 25% 급락,0
2021.05.17,"머스크, 테슬라 보유 비트코인 매각설에 충격파",0
2021.05.17,머스크 잇단 발언에 비트코인 5만불 붕괴…코인러들 “트위터 못하게 해야”,0
2021.05.17,"비트코인 국내서 패닉셀링 조짐, 5300만원까지 급락",0
2021.05.17,"일론 머스크, 비트코인 보유분 매각 시사...BTC 급락",0
2021.05.17,[코인브리핑] 비트코인 폭락에 알트코인들도 두자릿수 하락,0
2021.05.17,[비트코인 지금] 머스크의 무분별한 발언에…5200만원대로 급락,0
2021.05.17,"[속보] 머스크, 비트코인 주식 처분 안했다",1
2021.05.17,[포토]폭락하는 비트코인,0
2021.05.17,[포토]머스크의 비트코인 매각 시사에 폭락하는 비트코인,0
2021.05.17,[포토]일론 머스크의 비트코인 매각 시사에 비트코인 폭락,0
2021.05.17,[포토]비트코인-이더리움 동반 하락세,0
2021.05.17,[포토]일론 머스크 여파에 계속 떨어지는 비트코인,0
2021.05.17,오락가락 머스크... '테슬라 비트코인 전혀 팔지 않았다',0
2021.05.17,머스크 “비트코인 하나도 안 팔았다”…가상자산 급락세 진정,0
2021.05.17,"""테슬라, 비트코인 하나도 안 팔았다""…머스크 한 마디에 춤추는 가상화폐 시세 [종합]",1
2021.05.17,"""머스크 트윗에서 눈 뗄수가 없네""…머스크 한마디에 천당과 지옥오가는 비트코인",0
2021.05.17,급락 후 반등한 비트코인…머스크의 입에 가상화폐 시장 '휘청',0
2021.05.17,"머스크 ""테슬라, 비트코인 안 팔아"" 해명에도…시세 '급락'(종합)",0
2021.05.18,"머스크 리스크 테슬라 주가 2% 내림세, 비트코인은 오름세",1
2021.05.18,비트코인 하락세…어젠 2개월여만에 최저,0
2021.05.18,"'머스크 충격 지속' 비트코인 가격, 한때 4만2000달러…석달만에 최저치",0
2021.05.18,비트코인 5000만원대 초반까지 ‘추락’..2월 이후 최저치,0
2021.05.18,"리서치 ""은행 시스템 에너지 소비량, 비트코인 2배 이상""",0
2021.05.18,"[뉴스+]테슬라 지지자 vs 비트코인 지지자, 승자는?",0
2021.05.18,"""비트코인 조정 길어질라""…펀드자금도 올 들어 첫 순유출 전환",0
2021.05.18,[코인브리핑] 가상자산 일제 상승세 전환…비트코인 5500만원,1
2021.05.18,[비트코인 지금] 5500만원대로 반등…머스크 환경파괴설 반박 당해,1
2021.05.18,"전기차 스타트업 피스커, 비트코인 거부 선언",0
2021.05.18,비트코인 불장에 빗썸 올 1분기 순익 2225억...전년比 10배,0
2021.05.19,비트코인 5300만원대로 하락…도지코인도 떨어져,0
2021.05.19,"""머스크 입방정에.."" 비트코인 4만달러도 무너졌다",0
2021.05.19,머스크 입방정에 中 악재 겹친 비트코인 4만달러 무너졌다,0
2021.05.19,가상화폐 거래 금지 원칙 재천명한 중국…비트코인 4만달러 ↓,0
2021.05.19,비트코인 폭락에…다시 金에 주목하는 월가,0
2021.05.19,[포토] 비트코인 5000만원선 붕괴,0
2021.05.19,이번엔 중국 악재…비트코인 4만弗 붕괴,0
2021.05.19,[속보] 비트코인 낙폭확대..로빈후드서 3만달러 무너져,0
2021.05.19,"비트코인 28% 급락, 3만달러선 위협…시총 565조원 증발",0
2021.05.19,비트코인 이더리움 폭락…가상화폐 시장 패닉[종합],0
2021.05.19,'내리막' 비트코인 3만달러도 위협..미 증시도 약세(상보),0
2021.05.19,비트코인 급락에 거래장애·레버리지 토큰 거래 중단,0
2021.05.20,비트코인 29% 이더리움 31% 급락…가상화폐 시장 패닉,0
2021.05.20,비트코인 추락에…자존심 구기는 '돈나무 언니' 캐시 우드,0
2021.05.20,"캐시 우드 ""비트코인, 50만달러 간다""",1
2021.05.20,[속보]비트코인 추락에 코인베이스 5.9%↓ 테슬라 2.5%↓,0
2021.05.20,[속보] 다우 0.4%·나스닥 0.03%↓‥비트코인 반등에 낙폭 축소,1
2021.05.20,[뉴욕증시] 비트코인 폭락에 투심 훼손…일제히 하락,0
2021.05.20,"비트코인 쇼크…코인베이스, 테슬라, 아크 줄줄이 '불똥'",0
2021.05.20,비트코인 11% 이더리움 26%…가상화폐 급락세 지속,0
2021.05.20,"뉴욕증시, 비트코인 급락에 투자심리 훼손…코인베이스 6%↓",0
2021.05.20,비트코인 급락에 위험자산 '와르르'‥증시·원자재 동반 추락(종합),0
2021.05.20,머스크 '버티자' 트윗에 비트코인 낙폭 일부 만회,1
2021.05.20,비트코인 급락하니 테슬라도 하락 [서학개미모닝리포트],0
2021.05.20,"[글로벌포스트] ""기관들, 비트코인 팔고 금 산다"" JP모건",0
2021.05.20,[뉴욕증시]비트코인 쇼크에 연준 긴축 암시까지…3대지수 '털썩',0
2021.05.20,[국제유가]비트코인發 위험 회피…WTI 3.3% 급락,0
2021.05.20,[뉴욕증시] 비트코인 급락에 하락 마감…다우 0.48%↓,0
2021.05.20,[뉴스새벽배송]美 테이퍼링 첫 신호…비트코인 급락,0
2021.05.20,"머스크 ""비트코인 계속 보유"" 시사에도…하락세 지속",0
2021.05.20,"""테슬라·비트코인 '非동조화'…코인서 빠진 자금 증시로 올 가능성""",0
2021.05.20,[특징주] 비트코인 쇼크에 비덴트·한화투자증권 ‘급락’,0
2021.05.20,'비트코인 쇼크'에 국내외 관련주 모두 '휘청',0
2021.05.20,"나주시, 고액 체납자 '비트코인 가상화폐' 추적·압류",0
2021.05.20,"비트코인 폭락…머스크 ""버티자"" 캐시우드 ""50만달러 간다""",1
2021.05.20,"[코인브리핑] 업비트, 하루 35조원 거래, 패닉셀링 본격화",1
2021.05.20,"""해커에게 비트코인으로 50억원 줬다""…미 최대 송유관 회사 CEO 인정",1
2021.05.20,비트코인 쇼크에 가상화폐 관련주 '와르르'…한화증권 8%↓,0
2021.05.20,비트코인 이어 증시 원자재까지 줄하락‥金 나홀로 상승,0
2021.05.20,"최고가 대비 반토막 난 비트코인…저가매수 기회냐, 암흑기냐",0
2021.05.20,머스크 '다이아몬스 손' 트윗에 비트코인 반등,1
2021.05.20,[포토]비트코인 쇼크에 가상화폐 와르륵,0
2021.05.20,[포토]‘디지털 금’ 비트코인 반 토막 뒤 소폭 상승,1
2021.05.20,[포토]중국 가상화폐 집중 단속 시작...엎친데 덮친 비트코인 급락세 계속,0
2021.05.20,[포토]中 가상화폐 집중 단속 시작...엎친데 덮친 비트코인 급락세 계속,0
2021.05.20,[포토]비트코인 5천만원 겨우 넘어,1
2021.05.20,"[포토]비트코인, 머스크에 울더니 中 한마디에 30% 급락",0
2021.05.20,"[포토]비트코인, 머스크에 울더니 중국 한마디에 30% 급락",0
2021.05.20,"[포토]비트코인, 5000만원대까지 하락",0
2021.05.20,[포토]'머스크가 쏘아올린 작은공' 비트코인 대재앙 시작되나,0
2021.05.20,"[포토]비트코인 5000만원 선 위협받아, 도지코인은 20% 급락",0
2021.05.20,비트코인 급락에 글로벌 거래소들 일제히 '먹통',0
2021.05.20,[비트코인 지금] 5100만원대로 반등…엇갈리는 전문가 관측,1
2021.05.20,"""비트코인 1억 간다길래 투자했는데 1억 잃을 판""",0
2021.05.20,김치프리미엄 한때 22%…불안한 비트코인,0
2021.05.20,"가상화폐 전문가 ""2018년 비트코인 폭락사태 재발 없다"" [매부리TV]",1
2021.05.20,[속보] 비트코인 4만달러선 회복…15% 급반등,1
2021.05.20,머스크 한 마디에 춤추는 비트코인…다시 4만달러선 회복,1
2021.05.21,"中 이어 美 비트코인 칼 뺐다…""1만달러 이상 거래 신고 의무""",0
2021.05.21,"美 비트코인에 칼 빼들었다…""1만달러 이상 거래 신고 의무""(종합)",0
2021.05.21,美 테이퍼링 신호에 中 비트코인 규제까지…위험자산 '털썩',0
2021.05.21,"비트코인에 다크웹기승…서상덕 IT보안전문가 ""정보보안 대응 필요""",0
2021.05.21,'롤러코스터' 비트코인 관련주도 올랐다[서학개미모닝브리핑],1
2021.05.21,"""1만달러 이상 신고해"" 미 재무부 발언에 비트코인 또 휘청",0
2021.05.21,반등하는 가상화폐 시장…비트코인은 5100만원대에서 주춤,0
2021.05.21,"""비트코인發 경고음…주식시장 영향 크지 않은 이유""",0
2021.05.21,"""암호화폐 대출 마진콜 멈췄다""…반등 모색하는 비트코인",0
2021.05.21,"비트코인 거래하면 피자가? 미스터피자, 비트코인 피자데이 진행",1
2021.05.21,"""비트코인 과도한 레버리지 청산…거품(Froth) 가라앉고 있다""",0
2021.05.21,"미스터피자, 가상자산 거래소 빗썸과 '비트코인 피자데이' 이벤트",1
2021.05.21,[코인브리핑] 비트코인-이더리움 일제 반등,1
2021.05.21,"[이데일리N] 美 ""비트코인, 1만달러 이상 거래 신고 의무""",0
2021.05.21,[비트코인 지금]5000만원 또 '붕괴'…美中 모두 가상화폐 시장 압박,0
2021.05.21,"'오락가락' 머스크 ""회계감사로 비트코인 환경피해 해결""",1
2021.05.21,"`억만장자 투자자` 유스코 ""비트코인 변동성은 적 아닌 친구""",1
2021.05.21,"""비트코인 시즌2 종료는 아직…코인 투자 비중은 5% 이내로""",0
2021.05.21,"[주보경]비트코인 급등락에 휘청댄 뉴욕증시, 테이퍼링 논의 첫 언급",0
2021.05.21,이시간 비트코인 가까스로 4만달러선 형성…이더리움↓도지코인↓,1
2021.05.22,"中 ""비트코인 채굴·거래 타격할 것""‥가상화폐 '와르르'",0
2021.05.22,"비트코인, 중국 악재에 다시 하락...3만7000달러",0
2021.05.22,"中 ""비트코인 채굴 강력 단속""…또 폭락하는 가상자산",0
2021.05.22,[위클리 코인]`규제에 울었다`…반토막 난 비트코인,0
2021.05.22,[뉴욕증시]또 증시 흔든 비트코인…기술주 하락에 나스닥 0.5%↓,0
2021.05.22,"크루그먼 ""12년째 화폐기능 못하는 비트코인, 결국 다단계사기""",0
2021.05.22,비트코인 이더리움 도지코인 '와르르'…美 이어 中까지 가상화폐 단속 강화,0
2021.05.22,"中 ""비트코인 채굴 거래 타격"" ... 주요 코인 가격 10% 이상↓",0
2021.05.22,"비트코인, 4500만원대로 내려앉아…이더리움·도지코인 12% 급락",0
2021.05.22,미중 규제방침에 영끌족 어쩌나…비트코인 이더리움 가상화폐 일제히 하락,0
2021.05.23,中 `암호화폐 규제` 여파 지속…비트코인·이더리움 일제히 하락,0
2021.05.23,힘세진 비트코인…주식·채권·유가까지 흔든다,1
2021.05.23,각국 가상화폐 규제에 계속되는 하락세…비트코인 4600만원대,0
2021.05.24,비트코인 또 10% 추락‥휴일 없는 거래에 맥 못춰,0
2021.05.24,"가상화폐 거래소, 中 차단 시작‥비트코인 장중 3만1천달러(종합)",0
2021.05.24,머스크 응원도 이젠 안먹힌다..비트코인 11% 곤두박질,0
2021.05.24,공포에 빠지는 가상화폐 시장…비트코인 장중 4000만원 밑으로,0
2021.05.24,비트코인의 미래는? 금값 상승은 얼마나 갈까?,0
2021.05.24,비트코인의 미래는? 금값 상승은 얼마나 갈까?,0
2021.05.24,"외신 ""골드만삭스, 비트코인 자산 속성 재평가 중""",1
2021.05.24,비트코인 미래는? 금값 상승은 얼마나 갈까?,0
2021.05.24,"요동치는 가상화폐…비트코인 4200만원대, 이더리움 5%대↑",0
2021.05.24,"[코인브리핑] 비트코인, 3일간 1000만원 빠져",0
2021.05.24,"中 비트코인 채굴업체들, 일시 사업중단…""채굴기 수출도 추진""",0
2021.05.24,반토막 비트코인‥'공포지수' 주식의 7배,0
2021.05.24,[포토]계속 떨어지는 비트코인,0
2021.05.24,[포토]비트코인 4000만원 지지선도 '위험',0
2021.05.24,[포토]비트코인 '4000만원 벽' 붕괴 위험,0
2021.05.24,[포토]비트코인 4천만원대 지지선도 위태로워,0
2021.05.24,[포토]비트코인 4천만원대 '일시 붕괴',0
2021.05.24,[비트코인 지금] 노벨경제학상 수상자들 “가상화폐 가치 없어”,0
2021.05.24,추락하는 '비트코인' 대신 급등하는 '금'에 올라타는 투자자들,0
2021.05.24,비트코인 4300만원대 거래…도지코인 13% 이더리움 8%↓,0
2021.05.24,'헤지펀드 대부' 비트코인 구매...가상화폐 반등,1
2021.05.25,"비트코인 2017년 악몽 재현하나…""규제→추락 닮은꼴"" Vs ""위상 달라져""",0
2021.05.25,"비트코인, 3만8000 회복...""10만달러 전망 변함없어""",1
2021.05.25,"레이 달리오 ""비트코인 투자하고 있다""",1
2021.05.25,"[속보] 비트코인, 4만달러 임박‥상승률 17%",1
2021.05.25,"[속보] 머스크 ""美 채굴업자, 재생에너지 사용해 유망""‥비트코인 급등",1
2021.05.25,"머스크 ""北美 채굴 유망""‥비트코인 4만달러 접근(상보)",1
2021.05.25,[글로벌포스트] 비트코인 3.8만달러 회복...변동성은 여전,1
2021.05.25,[뉴욕증시]빅테크주·비트코인 일제히 반등…나스닥 1.4% 뛰어,1
2021.05.25,"머스크 한 마디에 비트코인 또 급등...""북미지역 비트코인 채굴업자들과 대화했다""",1
2021.05.25,세계 최대 헤지펀드 운영자 “비트코인 보유 중”…가상화폐 시장 반등,1
2021.05.25,"""재생에너지로 채굴한다더라…"" 머스크 트윗 한 마디에 또 춤추는 비트코인",1
2021.05.25,"코스피, '3150선' 상승 출발…비트코인·나스닥 상승 영향",1
2021.05.25,"中 메이저 미디어 ""비트코인 채굴, 중국 정부 탄소중립 목표 역행""",1
2021.05.25,"'헤지펀드 대부' 레이 달리오 ""채권보다 비트코인 선호""",1
2021.05.25,"""채권보다 비트코인이 낫다""...'헤지펀드 대부' 비트코인 보유사실 공개",1
2021.05.25,[특징주]비트코인 가격 반등에 가상화폐 관련株도 '강세',1
2021.05.25,전기료 폭탄' 비트코인 채굴 대안 찾자...클라우드 채굴 인기,0
2021.05.25,"레이 달리오 ""비트코인 보유 중…인플레엔 국채보다 낫다(종합)",1
2021.05.25,"[코인브리핑] 비트코인-이더리움, 10~20% 상승",1
2021.05.25,[비트코인 지금] 4600만원대로 반등...머스크 코인 채굴업체 지지 영향,1
2021.05.25,"2008 금융위기 예측했던 루비니, 비트코인 거품으로 보여",0
2021.05.25,넥슨이 산 비트코인은 누가 관리할까…암호화폐도 안전보관 서비스 본격화,1
2021.05.25,"헤지펀드 대부 달리오 ""채권보다 비트코인이 낫다""",1
2021.05.25,[포토] 급등락하는 비트코인,0
2021.05.25,"비트코인 3만7000달러대로 하락, 도지코인도 1.88%↓…가상화폐 시장 '혼조'",0
2021.05.26,[비트코인 지금] 4700만원대 머물러…가상화폐 낙관론자 “추가 하락할 것”,0
2021.05.26,"중국, 3가지 이유로 필사적으로 비트코인 단속",0
2021.05.26,비트코인 채굴 장소·전기 제공만해도 처벌…규제 고삐 더 조이는 中,0
2021.05.26,"이미 반토막 났는데…""비트코인 아직 바닥 아니다""",0
2021.05.26,"안전벨트 꽉 매자…""비트코인 롤러코스터, 이제 시작일 뿐""",0
2021.05.26,"""61억 출금 못해""…코인 거래소 비트소닉 피소",0
2021.05.26,비트코인 폭락 이면엔 '100배' 뻥튀기 투자 있었다,0
2021.05.26,비트코인 비틀대니 고개드는 골드바…1년새 판매 2배,0
2021.05.26,"[속보]비트코인 가격, 닷새 만에 4만달러 회복",1
2021.05.26,4만달러 되찾은 비트코인…`더 오를까` 조심스런 낙관론(종합),1
2021.05.26,"다시 오른 비트코인, 4800만원대 형성…이더리움 8%대 급등",1
2021.05.26,그린 비트코인은 2억원?...'전기 먹는 하마' 코인 외면 받는다 [글로벌 머니백],0
2021.05.26,비트코인 5000만원 고지 앞두고 등락 거듭…4700만원대 거래,0
2021.05.27,"[속보] 머스크 ""비트코인·이더리움·도지코인 공짜로 준다""",1
2021.05.27,"머스크 ""비트코인·이더리움·도지코인 공짜로 준다""(상보)",1
2021.05.27,[비트코인 지금] 4700만원대 유지… WSJ “베이징에 맞서지 말라”,1
2021.05.27,결제 대체 수단이라더니…결제 사례 없는 비트코인,0
2021.05.27,코인 채굴 막자 풍선 효과…'비트코인 광산' 中서 중앙아시아로 이동,1
2021.05.27,[코인브리핑] 비트코인-이더리움 다시 하락세..바닥 재시험,0
2021.05.27,"블랙록도, 기업 사냥꾼도 비트코인에 눈독…""연구중""",1
2021.05.27,이번엔 ‘증권형 토큰’ 악재…美 SEC 위원장 규제 으름장에 비트코인 ‘움찔’,0
2021.05.28,[비트코인 지금] 계속되는 박스권…애플 가상화폐 시장 진출 준비?,1
2021.05.28,"[코인브리핑] 비트코인, 페이팔 호재에도 제자리걸음",0
2021.05.28,"JP모간 CEO의 경고 ""비트코인 멀리하라""",0
2021.05.28,"`돈나무 언니` ""비트코인 절대 못 없애…곧 중앙은행들도 사담을 것""",1
2021.05.28,비트코인 3.5만달러로 급락...거래도 급감,0
2021.05.29,"비트코인, 3만6000달러 붕괴",0
2021.05.29,비트코인 8%대 하락…이더리움·도지코인 등도 일제히 하락,0
2021.05.29,"""잔인한 5월""…비트코인 이달 36% 폭락, 10년새 최대 하락폭",0
2021.05.29,비트코인 폭락에…'게임재벌' 김정주 재산 2조원 사라져,0
2021.05.29,'갈팡질팡' 가상화폐…비트코인 4300만원대 이더리움 300만원대 등락 거듭,0
2021.05.29,"김정주, 넥슨 주가 급락에 2조원 '증발'...비트코인 폭락으로 추가 손실 불가피",0
2021.05.29,'게걸음' 가상화폐…비트코인 4400만원대 이더리움 300만원대,0
2021.05.30,"""가상화폐, 전염병과 유사""…로버트 쉴러의 등장, 시기가 참 묘하다? [비트코인 비틀기]",0
2021.05.30,"""5월은 잔인한 달""…비트코인 월간 하락폭 10년래 최대",0
2021.05.30,"美, 2조 손실 비트코인 다단계 투자모집 철퇴",0
2021.05.30,"[포토]들썩이는 금값, 비트코인 하락세",0
2021.05.31,"비트코인, '큰손' 매집 소식에 반등…3만5600달러선",0
2021.05.31,[비트코인 지금] 약세 속에서…저가 매수하는 대형투자자,0
2021.05.31,6월 3일부터 마이애미서 비트코인 2021 컨퍼런스 개최,1
2021.05.31,"中저명 경제학자 ""비트코인 널리 통용되면 세계경제 무너질 것""",0
2021.05.31,"'부자아빠 가난한아빠' 저자 ""비트코인 급락 '굉장한 소식'…2만7000달러 가면 다시 살수도""",0
2021.05.31,"中 공산당, 신장 위구르 비트코인 채굴 단속 어려워",1
2021.05.31,"`부자 아빠, 가난한 아빠` 저자 ""비트코인 싸게 살 기회 왔다""",1
2021.05.31,"""비트코인 ETF 허용"" 美월가 로비 강화…당국·의회와 신경전",1
2021.05.31,"`부자아빠, 가난한아빠` 저자 ""비트코인 싸게 살 기회""(종합)",1
2021.06.01,비트코인 한달새 37% 폭락..10년만에 최대치 내렸다,0
2021.06.01,[비트코인 지금] 4300만원대로 소폭 반등…월가 가상화폐 ETF 승인 압박,1
2021.06.01,비트코인 4300만원대 형성…이더리움 9%대 상승,1
2021.06.01,"[포토]'6월 첫날' 비트코인, '최악 5월' 딛고 출발",1
2021.06.01,"[포토]비트코인, 4300만원대 거래… '잔인한 5월' 한 달간 37%↓",0
2021.06.01,"[포토]비트코인, 4300만원대 거래… '잔인한 5월' 한 달간 37% 하락",0
2021.06.01,"[포토]비트코인, 4300만원대에 거래… '잔인한 5월' 한 달간 37% 하락",0
2021.06.01,"[포토]비트코인, 6월 첫날 4300만원대에 거래… '잔인한 5월' 한 달간 37% 하락",0
2021.06.01,"‘비트코인 닮은꼴’ 널뛰는 스팩주… ""실체 없어 폭탄돌리기 경계"" [투기판 된 스팩주]",0
2021.06.01,"""너무 커진 비트코인, 규제 칼날 벗어나는 건 불가능해""",0
2021.06.01,비트코인 4300만원대 형성…이더리움 300만원대 등락 거듭,0
2021.06.01,갈팡질팡 가상화폐…비트코인 4300만원대 이더리움 310만원대 등락,0
2021.06.02,비트코인 2%↓·도지코인 2%↑‥기관 비트코인 꺼리고 개인 투자 늘어,0
2021.06.02,[비트코인 지금] JP모건 “하락세 당분간 이어질 것”,0
2021.06.02,비트코인 4300만원대 등락…도지코인 16% 급등,0
2021.06.02,비트코인 4300만원대 형성…호재 업고 도지코인 10%대↑,0
2021.06.02,JP모건 “비트코인 당분간 하락세 이어질 것”…국내외 모두 하락,0
2021.06.02,'비트코인 등 광풍'에 가상자산 과세논란 불붙었다,0
2021.06.02,"골드만삭스 ""변동성 큰 비트코인, 금(金)보단 구리에 가깝다""",0
2021.06.02,"비트코인 횡보 장기화에 코린이들 ""팔지도 못하고 발만 동동 """,0
2021.06.02,"JP모건 ""줄어든 기관투자가…비트코인 가격 더 떨어질 수도""",0
2021.06.03,"비트코인 횡보 거듭, 열흘 넘게 5000만원 밑돌아",0
2021.06.03,‘식지 않는 주식·비트코인 열풍’ 상반기 재태크셀러 열풍 지속,1
2021.06.03,"외신 ""머스크, 테슬라 비트코인 결제 다시 허용할 것""",1
2021.06.03,"머스크, 잦은 비트코인 비판에 트위터에서 신뢰 추락",0
2021.06.03,"美SEC 위원장, 비트코인 ETF에 부정적 견해…상장 또 연기",0
2021.06.04,[비트코인 지금] 4500만원대로 상승…머스크 비트코인 결제 재개 가능성,1
2021.06.04,비트코인 4500만원대로 소폭 상승,1
2021.06.04,"비트코인, 상승폭 확대 4500만원대…이더리움 5%↑도지코인 7%↓",1
2021.06.04,"유럽 최대운용사 아문디 CIO ""비트코인은 일종의 코미디""",0
2021.06.04,이스라엘과 싸우는 하마스가 비트코인 부자된 사연은?,1
2021.06.04,"코인데스크 ""비트코인 등 암호화폐 황소장 끝났다""",0
2021.06.05,"'결별'vs""남은 인생 투자"" 테슬라와 트위터, 비트코인 정면승부",0
2021.06.05,"잭 도시 ""언제 어디서나 쓸 수 있는 비트코인 월렛 만든다""",1
2021.06.05,머스크 '갈라진 심장' 이모티콘에 비트코인 폭락,0
2021.06.05,"비트코인 가격 하락, 일론 머스크 ‘깨진 하트’ SNS 탓?",0
2021.06.05,머스크 결별 암시 트윗 올리자…비트코인 또 와르르,0
2021.06.05,비트코인 국내가격 4300만원대… 도지코인은 447~9원,0
2021.06.05,비트코인 4300만원대 등락…이더리움은 319만원,0
2021.06.05,"""부자 미치광이 트윗 따르면 부자 못 된다"" 비트코인 억만장자의 경고",0
2021.06.06,비트코인 4170만원선···이더리움도 약세,0
2021.06.06,"엘살바도르, 세계 최초로 비트코인 법정화폐 채택 추진",1
2021.06.06,비트코인 진짜 화폐 되나…엘살바도르 법화지정 추진,1
2021.06.06,"엘살바도르, 비트코인 법정화폐 추진하지만…中 여전한 압박",0
2021.06.06,"엘살바도르, 세계 최초 비트코인 법화 지정 추진",1
2021.06.06,美달러 써온 엘살바도르 비트코인 법정화폐 도입 왜?,1
2021.06.06,"비트코인, 엘살바도르 공식화폐 되나",1
2021.06.07,[비트코인 지금] 어나니머스 “머스크 여러 삶 파괴”…더욱 커지는 비난,0
2021.06.07,비트코인 국내 가격 4100만원대…이더리움 315만원,0
2021.06.07,“생큐 비트코인” 암호화폐 뜨자 은행도 웃었다,1
2021.06.07,"스카이브릿지 ""연준 테이퍼링 땐 금(金)보다 비트코인 더 유리""",1
2021.06.07,[이슈로 읽는 암호화폐] 비트코인은 왜 ETF에 목을 멜까,1
2021.06.07,비트코인 이더리움 도지코인…가상화폐도 눈치보기 장세?,1
2021.06.08,"美 FBI, 송유관 해커에 지불된 비트코인 회수 성공",0
2021.06.08,"비트코인, FBI 해킹 몸값 회수 성공에 4% 하락",0
2021.06.08,[글로벌포스트] 美 금리인상 시사에 비트코인 4% 급락,0
2021.06.08,"비트코인 또 급락..옐런, 금리인상 시사에 4% 빠져",0
2021.06.08,또 떨어진 비트코인…한때 3900만원대,0
2021.06.08,"비트코인 투자해 3200억 손실 본 美상장사 ""빚 내서 더 사겠다""",1
2021.06.08,비트코인 4000만원 무너졌다…두달새 53% ‘털썩’,0
2021.06.08,"`바이든 정부 빅테크 비판론자` 팀 우, 최대 50억원대 비트코인 소유",1
2021.06.08,비트코인 다시 4000만원 붕괴…힘 빠졌다,0
2021.06.08,비트코인은 추적 불가? FBI에게 딱 걸렸다!,0
2021.06.08,"美 마이크로스트래티지, 비트코인 손실에도 4400억원 빚내 또 구매",1
2021.06.08,[비트코인 지금] 4000만원선 붕괴…마이크로스트레티지 빚내서 추매,1
2021.06.08,비트코인 4천만원 붕괴 vs 美 AMC·게임스탑 급등…투기 수요 ‘밈 주식’으로 옮겨갔나?,0
2021.06.08,"비트코인으로 3200억 잃은 美상장사, 빚 내서 `물타기`(종합)",1
2021.06.08,"코인시장에 발담그는 로펌...태평양, 보라비트와 법률자문 계약",1
2021.06.08,"트럼프, ‘비트코인은 달러에 도전하는 사기’",0
2021.06.08,추락하는 비트코인...규제 이어 금리인상 덮쳤다,0
2021.06.08,FBI 해커에 뺏긴 비트코인 찾았다…지갑 주소 암호 알면 추적 가능,0
2021.06.08,옐런發 '금리인상 공포' 비트코인 4천만원 붕괴,0
2021.06.08,美 금리인상 우려에 비트코인 4000만원선 깨져…3800만원대 숨고르기,0
2021.06.09,"비트코인, FBI '몸값' 해킹 공포에 12% '와르르'",0
2021.06.09,"[주톡피아]존리 ""가치분석 안되는 비트코인, 투자자산 가능한가""",0
2021.06.09,"비트코인, 이더리움 폭락세는 일단 멈췄지만..",0
2021.06.09,"[비트코인 지금] FBI, 해커 지갑 풀어…보안성 논란에 3800만원대로 하락",0
2021.06.09,"""지갑 풀렸다 보안은?""…비트코인 이더리움 도지코인 등 줄줄이 하락",0
2021.06.09,[코인브리핑] 비트코인 3750만원…추가하락은 방어,1
2021.06.09,"블룸버그 전략가 ""비트코인, 이더리움 상승 패턴 따를 시 10만달러 도달 가능""",1
2021.06.09,올초 가격 돌아간 비트코인…존재이유 보안성·익명성 흔들려,0
2021.06.09,"""한국인들, 작년 비트코인 투자해 4460억 벌어…세계 9위""",1
2021.06.09,"""3만달러 깨지면 매물폭탄 터질 것""…비트코인 2만달러說 솔솔",0
2021.06.09,"블룸버그 ""3만 달러에 숏? 붕괴땐 투매 본격화""…내 비트코인 운명은",0
2021.06.09,"엘살바도르, 비트코인 법정통화로 채택…세계 첫 사례",1
2021.06.09,"엘살바도르, 세계 최초로 비트코인 법정통화 승인(상보)",1
2021.06.09,"엘살바도르, 세계 최초로 비트코인 법정통화 인정",1
2021.06.09,"""비트코인 법정통화 됐다""…엘살바도르서 세계 첫 인정",1
2021.06.09,"비트코인, 진짜 돈으로 쓴다…엘살바도르 세계 첫 법정화폐로",1
2021.06.09,비트코인 펀드에 블록체인 채권까지… 글로벌 은행들 ‘잰걸음’,1
2021.06.09,"비트코인의 굴욕… ""이더리움에 추월당한다""",0
2021.06.09,"비트코인 2만달러대 추가 하락 전망 나와…""거대한 매도 모멘텀""",0
2021.06.10,비트코인 진짜 돈 됐다..엘살바도르 법정통화 세계 첫 승인,1
2021.06.10,[비트코인 지금] 4300만원대로 급등…엘살바도르에 출렁이는 가상화폐,0
2021.06.10,"엘살바도르, 화산 지열 생산 전기로 비트코인 채굴",1
2021.06.10,"랜섬웨어 당했던 JBS, 122억원 상당 비트코인 뺏겨",0
2021.06.10,"[특징주] 비덴트, 워런 버핏 투자사 ‘비트코인’ 투자 소식에 강세",1
2021.06.10,"블룸버그 ""美 연준, 간접적으로 비트코인 투자했을지도""",1
2021.06.10,"엘살바도르서 법정화폐 된 비트코인, 국내외서 모두 급등",1
2021.06.10,중국 비트코인 채굴 금지 전역으로 확산…거래소도 차단,0
2021.06.10,"중국, 비트코인 채굴장 폐쇄·단속 전역으로 확대하나",0
2021.06.10,"JBS, 랜섬웨어 공격에 비트코인으로 '몸값' 1100만달러 지불",0
2021.06.10,"프랑스 비트코인 거래소 ‘비트콜’, 국내 시장 진출",1
2021.06.10,'친환경 비트코인 채굴 허브' 꿈꾸는 엘살바도르,1
2021.06.10,[이슈로 읽는 암호화폐] 엘살바도르의 비트코인 실험 성공할까,1
2021.06.11,비트코인 전망 갈수록 어두워...선물이 현물보다 싸,0
2021.06.11,[코인브리핑] 비트코인 4210만원…엘살바도르 효과 끝?.0
2021.06.11,"JP모건 ""비트코인 반등세 지속 가능성 크지 않다""",0
2021.06.11,[비트코인 지금] 4200만원대로 소폭 하락…연이은 국제금융기구 압박,0
2021.06.11,"""비트코인 투자땐 깡통 대비하라""…국제금융감독기구의 경고",0
2021.06.11,업비트도 잡코인 정리? 25개 코인 투자유의 종목 지정,0
2021.06.12,인플레 우려 축소 기술주 '꿈틀'‥비트코인 제외 가상화폐 약세,0
2021.06.12,가상화폐 '대장주' 비트코인 4300만원대…소폭 반등,1
2021.06.12,비트코인 4300만원대 거래...이더리움 3.6%↓,1
2021.06.12,비트코인 4300만원대 '보합세',1
2021.06.12,"비트코인 4200만∼4300만원대 횡보…이더리움 4%↓, 도지코인 1.8%↓",1
2021.06.12,"업비트, 마로·페이코인 등 5개 코인 원화마켓서 제거",1
2021.06.12,"업비트, 마로 등 5개 코인 원화마켓서 제거",1
2021.06.12,"업비트, 마로 등 5개 코인 원화마켓서 제거",1
2021.06.13,비트코인 11월 업그레이드.. 스마트계약 관심,1
2021.06.13,"[코인브리핑] 업비트 정리 종목들, 일제히 30%대 폭락",1
2021.06.13,"'페이코인, 업비트서 거래 제한...'코인 정리'에 투자자 부글부글",0
2021.06.13,비트코인서도 '스마트계약' 이더리움과 경쟁 거세질듯,0
2021.06.13,업비트發 ‘코인 정리’ 대형거래소 확산 조짐… 투자자들 혼란,0
2021.06.14,"비트코인 7% 급등‥머스크 ""테슬라 비트코인 결제 재개할 것""",0
2021.06.14,[비트코인 지금] 머스크 비트코인 결제 재개 언급에 4400만원대로 상승,1
2021.06.14,"또 말바꾼 머스크 ""테슬라 비트코인 결제 재개""",1
2021.06.14,"또 말 바꾼 머스크…비트코인 결제 다시 허용한다 ""청정 에너지로 채굴한다면"" 단서 달아",1
2021.06.14,"머스크 또 번복, 비트코인 결제 다시 허용",1
2021.06.14,"다날 ""페이코인, 업비트 원화마켓 외 거래 가능…결제사업도 차질없이 진행""",1
2021.06.14,"[특징주] 다날, 페이코인 업비트 원화 마켓서 제거 소식에 '급락'",0
2021.06.14,"[특징주]다날, 페이코인 '업비트' 원화마켓서 삭제…'약세'",0
2021.06.14,[코인브리핑] 비트코인 13% 급등…4510만원,1
2021.06.14,"또 말바꾼 머스크 ""테슬라, 비트코인 결제 허용할 것""(종합)",1
2021.06.14,"뉴욕 비트코인 채굴 금지 법안, 전기 노조에 의해 제동",0
2021.06.14,"또 말바꾼 머스크 ""청정에너지로 채굴하면 테슬라 구매 비트코인 허용""",1
2021.06.14,"""단기급락 신경 안써""…캐나다 첫 비트코인 ETF 자금 유입",1
2021.06.14,"탄자니아, 비트코인 법정통화로 도입",1
2021.06.14,"""그 입 좀 다물라""…머스크 한마디에 비트코인 4500만원 돌파",1
2021.06.14,"업비트 '코인 정리'에… K코인들 ""사업 문제 없다"" 진화",1
2021.06.14,"""테슬라 비트코인 결제 재개할 것"" 머스크 트윗에 비트코인 9% 급등",1
2021.06.14,"업비트發 패닉에…당국 ""거래소, 상폐·유의 코인 리스트 달라""",1
2021.06.14,"동아프리카 탄자니아, 비트코인 법정화폐로 채택 검토",1
2021.06.14,탄자니아도 비트코인 법정화폐 검토…중남미·阿 확산 조짐(종합),1
2021.06.14,[속보] 비트코인 4만달러 돌파‥12% 급등,1
2021.06.14,비트코인 4만달러 회복‥머스크 이어 헤지펀드 매니저도 지지(상보),1
2021.06.14,비트코인 12% 이상 폭등해 4만 달러 돌파,1
2021.06.15,"거물 투자자 ""인플레 거래에 베팅""…비트코인 4만달러 돌파",1
2021.06.15,[글로벌포스트] 비트코인 4만달러 회복..폭락 우려 덜었다,1
2021.06.15,"업비트 코인 정리 후폭풍…퀴즈톡 “수천억 피해, 강경대응”",1
2021.06.15,[뉴스새벽배송] S&P·나스닥 또 ‘사상 최고’…비트코인 4만달러 돌파,1
2021.06.15,"중미통합경제은행, 엘살바도르 비트코인 법정화폐 채택 기술 지원 예정",1
2021.06.15,'비트코인 빚투' 美 마이크로스트래티지 1조원대 증자,0
2021.06.15,"골드만삭스, 비트코인 이어 이더리움 상품도 제공",1
2021.06.15,"머스크·탄자니아·월가 거물까지…호재 이어진 비트코인, 5000만원 돌파할까?",1
2021.06.15,"""비트코인, 신흥국 투자자들이 고수익...새 투자기회 제공""",1
2021.06.15,다시 훈풍 부는 암호화폐…비트코인 4600만원대 형성,1
2021.06.16,"NY증시, FOMC 결과 앞두고 약세‥유가 강세·비트코인 보합",1
2021.06.16,비트코인 채굴업체들 中 떠나 美텍사스행,0
2021.06.16,"비트코인, 4600만원대 횡보…커지는 상폐 우려에 투심 위축",1
2021.06.16,[비트코인 지금] 엇갈리는 월가의 전망…“바닥이다” vs “거품이다”,0
2021.06.16,가상자산은 신흥국에 ‘기회의 땅’… 베트남·터키·체코 투자자 비트코인 대박.1
2021.06.16,비트코인→이더리움→카르다노…코인의 진화 아시나요 [코린이를 위한 암호화폐 설명서 4],0
2021.06.17,[글로벌포스트] 美 2023년 금리인상 예고...비트코인 다시 하락,0
2021.06.17,"美 SEC, 비트코인 ETF 승인 또 연기 ""시간 더 필요""",0
2021.06.17,"미국 SEC, 비트코인 ETF 승인 연기...'투자자보호 미비'",0
2021.06.17,"세계은행 ""엘살바도르의 비트코인 도입, 지원할 수 없다""",0
2021.06.17,"美 SEC, 반에크 비트코인 ETF 승인 결정 '또' 연기",0
2021.06.17,[코인브리핑] 비트코인 4550만원…미 금리인상 신호에 '주춤',0
2021.06.17,"세계은행, 엘살바도르 비트코인 법정화폐 채택 지원 거부",0
2021.06.17,"[비트코인 지금] SEC, 비트코인 ETF 승인 또 미뤄…연내 출시 물 건너가나",0
2021.06.17,"SEC, 비트코인 ETF 승인 또 연기...비트·이더·도지 등 일제히 하락, 국내선 소폭 상승",1
2021.06.17,"""비트코인 '진짜 돈' 인정해달라"" 엘살바도르 요청 퇴짜 놓은 WB",0
2021.06.17,"'비트코인ETF' 또 퇴짜…美SEC, 승인 다시 미뤄",0
2021.06.18,연준 금리 발언 충격에 비트코인 등 가상자산 줄줄이 하락,0
2021.06.18,"""비트코인 적정가치보다 36%나 낮아…싸게 매수할 드문 기회""",0
2021.06.18,美 조기 금리 인상 신호에 비트코인 약세,0
2021.06.18,[비트코인 지금] 4400만원대로 하락…계속되는 Fed 충격,0
2021.06.18,"[코인브리핑] 비트코인, 이틀째 하락...美 금리 여파 지속",0
2021.06.18,"특금법 시행 3개월 남기고…업비트, 24개 코인 상폐 결정",0
2021.06.18,"업비트, 유의종목 25종 코인 중 24종 상장 폐지 결정",0
2021.06.18,"업비트 코인 24종, 오는 28일 최종 상장 폐지…역대 최대 규모",0
2021.06.18,"""묻지마 투자 큰 낭패 볼수도""…업비트 코인 24종 상장 폐지",0
2021.06.18,"국내최대 거래소 업비트, 코인 24종 무더기 상폐",0
2021.06.19,"[팩트체크] 비트코인, 외환법에 따라 과세 대상 될 수 없다?",0
2021.06.19,"[위클리 코인]죄어오는 돈줄, 견제받는 비트코인 법정화폐",0
2021.06.19,"비트코인, 美中에 무너졌다...주말되니 또 급락",0
2021.06.19,"또 폭락했다 비트코인…4일간 5000달러 '뚝', 이더리움도 6% 급락",0
2021.06.19,악재 커지는 암호화폐 시장…비트코인 4200만원대 횡보,0
2021.06.20,中 2대 채굴장 쓰촨성도 암호화폐 채굴 단속…비트코인 하락,0
2021.06.20,[코인브리핑] 비트코인 4210만원…5일 연속 하락,0
2021.06.20,"업비트 빗썸 코인원 코빗도 장담 못한다…은행, 가상화폐 거래소 칼날 검증",0
2021.06.20,비트코인 4000만원선도 위태,0
2021.06.21,"비트코인, 데드크로스·해시레이트 추락에 급등락",0
2021.06.21,"[글로벌포스트] ""비트코인, 달러 강세로 3만달러 선 내줄 수도""",0
2021.06.21,中 비트코인 채굴업체 90% 폐쇄…비트코인 약세 지속,0
2021.06.21,중국 비트코인 채굴업체 90% 폐쇄에…비트코인 값 하락세,0
2021.06.21,재산세 못 낸 의사 비트코인은 28억 보유...경기도 체납자 가상화폐 압류,0
2021.06.21,비트코인 3800만원까지 하락…中 채굴업체 90% 폐쇄 여파,0
2021.06.21,"업비트·피카, 코인 '상폐' 놓고 공방...소송전 예고",0
2021.06.22,中 가상자산 채굴장 폐쇄…비트코인 3만달러 초반 하락,0
2021.06.22,"비트코인, 2주만에 최저...장중 3만2000달러 붕괴",0
2021.06.22,'중국발' 비트코인 추락에 도지코인 26% 하락 '날벼락',0
2021.06.22,비트코인 이젠 3만달러도 간당간당..중국발 악재에 또 폭락,0
2021.06.22,[글로벌포스트] 中 가상자산 거래 전면 금지...비트코인 급락,0
2021.06.22,중국發 이중악재에 비트코인 11%·이더리움 16%·도지코인 31% 추락(종합),0
2021.06.22,[비트코인 지금] 3700만원대로 급락…규제 직면한 가상화폐,0
2021.06.22,"마이크로스트래티지, 또 `물타기`…비트코인 5540억어치 더 샀다",1
2021.06.22,"""비트코인 최대 적은 중국 정부""…이더리움 도지코인도 급락",0
2021.06.22,"CNBC 기자 ""중국에서 미국으로 3000kg 상당 비트코인 채굴기 운송""",1
2021.06.22,[포토]비트코인 하락세,0
2021.06.22,[포토]하락세 보이는 비트코인,0
2021.06.22,[코인브리핑] 비트코인 3680만원…10% 급락,0
2021.06.22,"`비트코인 열성팬` 크레이머의 변심…""비트코인 거의 다 팔았다""",0
2021.06.22,비트코인 3만달러 턱걸이에 도지코인 38% '와르르',0
2021.06.22,"비트코인 옹호했던 美방송인, ""필요없다""며 매각",0
2021.06.22,체납자 비트코인 336억 징수…국세청 직원 최우수 표창 받아,0
2021.06.22,[포토] 중국發 악재에 비트코인 주르륵,0
2021.06.22,사이버 범죄에 비트코인 대신 ‘모네로 코인’…“왜?”,0
2021.06.22,[속보] '비트코인' 5개월만에 3만달러 이하로,0
2021.06.22,[속보] 비트코인 '마지노선' 3만달러 붕괴…전일 대비 8% 급락,0
2021.06.22,비트코인 5개월만에 3만 달러 아래로…5개월만에 최저,0
2021.06.22,[종합] '패닉' 비트코인 '마지노선' 3만달러 결국 무너졌다,0
2021.06.22,중국발 충격에 비트코인 3만달러 붕괴,0
2021.06.22,"비트코인, 5개월만에 3만달러 붕괴…""더 떨어질 각오해야""",0
2021.06.23,"3만달러 무너졌지만 ""잡코인 팔고 비트코인 보유해야""",0
2021.06.23,롤러코스터 비트코인...장중 3만달러 붕괴,0
2021.06.23,[속보] '비트코인 반등·파월 효과' 나스닥 0.7% ↑ 사상 최고 마감,0
2021.06.23,비트코인 반등·파월 효과에 기술주 웃었다‥나스닥 사상최고 마감(종합),0
2021.06.23,"[GAM] '중국 악재에 휘청' 비트코인, 데드크로스 형성...3만달러 지지력 시험",0
2021.06.23,파라과이도 비트코인 법정통화 움직임,1
2021.06.23,"패닉 비트코인, 3만달러 회복 중…""'종이손' 투자자 몰아내고 있는 것""",1
2021.06.23,[비트코인 지금] 엇갈리는 전문가 “불안하지 않다” vs “곤경에 처할 수도”,1
2021.06.23,[코인브리핑] 비트코인-이더리움 반짝 반등...20% 상승,1
2021.06.23,"비트코인, 다시 3만달러 회복…“중국 규제 길게 보면 긍정적” 전망도",1
2021.06.23,"업비트-빗썸-코인원-코빗, 가상자산 '트래블룰' 준수 협력",1
2021.06.23,'저가다 이때 사자' 비트코인 3만달러대 회복…국내도 다시 3900만원대,1
2021.06.24,"비트코인, 18% 폭등...도지코인, 20%↑",1
2021.06.24,"美SEC, 비트코인 ETF 승인 결정 또 연기…""의견 더 듣겠다""",0
2021.06.24,비트코인 3만3000달러선 회복…도지코인도 30% 올라,1
2021.06.24,[코인브리핑] 비트코인 3800만원...4000만원 탈환 실패,0
2021.06.24,[비트코인 지금] 가상화폐 ETF 출시 밀렸지만…기관은 관련 금융상품 저가 매수,0
2021.06.24,"남아공서 비트코인 4조원 규모 사기극…""사상 최대""",0
2021.06.25,비트코인 3만5000달러 육박·도지코인 10%대 급등…가상화폐 줄줄이 상승,1
2021.06.25,"""中 규제보다 더 센 악재 온다""…비트코인 4兆 매물폭탄 예고",0
2021.06.25,"멕시코 3대 부호 ""자산 10% 비트코인으로 보유 중""".1
2021.06.25,[코인브리핑] 비트코인 4100만원 근접…가상자산 일제히 상승,1
2021.06.26,"머스크-도시, 다음달 비트코인 논의하기로 합의",1
2021.06.26,"'첫 화폐 도입' 엘살바도르 ""1인당 30달러어치 비트코인 지급""",1
2021.06.26,"두달 전 반토막 경고한 마이너드 ""비트코인 바닥은 1만5천달러""",0
2021.06.26,"비트코인도, 도지코인도, 이더리움도…중국 리스크에 9%대 하락",0
2021.06.26,비트코인 국내가격 3700만원대…이더리움 210만원대,0
2021.06.26,"""채굴 절반 줄었다"" 中 리스크에 암호화폐 일제히 하락…비트코인·이더리움 6% 급락",0
2021.06.26,"비트코인 3만달러도 `불안불안`…""투자 줄여라"" 경고 속출",0
2021.06.27,비트코인 3만달러 저지선 무너지면 2만달러도 위태,0
2021.06.27,[코인브리핑] 비트코인 3820만원…이번 주말에도 급락,0
2021.06.27,중국 채굴장 폐쇄 미국 금리인상 예고…비트코인 3만 달러 겨우 방어,0
2021.06.27,중국 채굴장 폐쇄 미국 금리인상 예고…비트코인 3만 달러 겨우 방어,0
2021.06.27,"올 상승분 다 반납한 비트코인, 반년새 다시 3만달러대",0
2021.06.28,비트코인 국제 시세 8% 반등…국내선 3900만원대,1
2021.06.28,'저가 매수세 유입' 비트코인 3만4000달러대 반등…국내선 3900만원대,1
2021.06.28,"다날핀테크, 페이코인앱 내 비트코인 전환 결제 서비스 개시",1
2021.06.28,[코인브리핑] 비트코인 3.6%-이더리움 5% '반등',1
2021.06.28,7만개 가맹점서 비트코인 결제,1
2021.06.28,"다날핀테크, 비트코인 전환 결제 지원 개시",1
2021.06.29,"비트코인, 악재에도 3만4000달러 돌파...멕시코 재벌이 끌어올려",1
2021.06.29,"[속보] '돈나무 언니', 비트코인 ETF 신고서 제출",1
2021.06.29,"캐시 우드의 아크 운용, 비트코인 직접투자 한다‥ETF 상장 신청(종합)",1
2021.06.29,"아무도 예상 못한 비트코인의 법정화폐 채택, 어떤 영향 미칠까",1
2021.06.29,"[글로벌포스트] 비트코인 반짝 상승에도 ""낙관 어렵다""",0
2021.06.29,"[GAM] ""비트코인, 바닥치려면 아직 멀었다""...그래서 '진짜' 바닥은 얼마?",0
2021.06.29,"저가 매수 나섰나…캐시 우드, 비트코인 ETF 출시 신청",1
2021.06.29,"'돈나무 언니' 아크인베스트, SEC에 비트코인 ETF 출시 신청",1
2021.06.29,"""암호화폐 ETF 제도권 편입 시도"" 비트코인 3만4000달러대 거래",1
2021.06.29,[코인브리핑] 비트코인 4000만원 재돌파,1
2021.06.29,[비트코인 지금] 유명 운용사 코인 ETF 신청에도…강경 기조 속 4000만원대 머물러,1
2021.06.29,"""비트코인, 3만~3만5000달러 박스권 유지""",1
2021.06.29,"`부자아빠, 가난한아빠` 저자 ""곧 역대급 시장 붕괴…금·비트코인 사라""",1
2021.06.29,"""역사상 최대 시장 붕괴 온다…금·은·비트코인 사라""(종합)",1
2021.06.30,"""역대급 붕괴 온다..금, 비트코인 사라"" '부자아빠' 쓴 기요사키 조언",1
2021.06.30,'박스권 탈출' 비트코인 3만6000달러대 올라서…국내도 4100만원대 돌파,1
2021.06.30,"업비트·빗썸·코인원·코빗, 합작사 설립…'트래블룰' 공동 대응",1
2021.06.30,"[비트코인 지금] 4100만원대로 반등…""금융시장 대폭락 전 비트코인 사라""",1
2021.06.30,인도서 금 대신 비트코인 열풍..45조 투자,1
2021.06.30,"비트코인, 확연한 상승세...바닥 찍었나",1
2021.06.30,[포토] 3만6000달러 회복한 비트코인…상승세 이어가는 국내 가격,1
2021.07.01,"비트코인, 2분기 시황 역대 최악‥반기 마지막 거래도 4%↓",0
2021.07.01,비트코인 4000만원대 거래…이더리움 6%대 상승,1
2021.07.01,"'월가 큰손' 소로스 펀드, 비트코인 거래 시작",1
2021.07.01,"[코인브리핑] 이더리움 오르고, 비트코인 내렸다",0
2021.07.01,"NYDIG, 월스트리트저널 지면에 비트코인 전면 광고 게재",1
2021.07.01,"`헤지펀드 전설` 조지소로스 펀드, 비트코인에 투자한다",1
2021.07.01,"`헤지펀드 전설` 조지 소로스, 비트코인에 투자한다(종합)",1
2021.07.01,"[비트코인 지금] 4000만원 밑으로…美 재무부, 가상화폐 범죄 해결 나선다",0
2021.07.01,암호화폐 약세장에 국내 비트코인 거래량도 '뚝',0
2021.07.01,비트코인 2% 하락…3900만원대 거래,0
2021.07.02,"비트코인, 하반기 첫날 3% 하락‥소로스 펀드는 비트코인 매매 시작",0
2021.07.02,비트코인 4% 이상 급락..한국선 4000만원 선도 무너졌다,0
2021.07.02,[비트코인 지금] 4000만원 아래 맴돌아…전문가 “3만달러 밑으로 떨어질 것”,0
2021.07.02,제자리걸음 비트코인…4000만원 박스권에 갇혔다,0
2021.07.02,"[코인브리핑] 비트코인-이더리움, 동반 하락",0
2021.07.02,"""연말께 3만달러선 깨진다""…월가 비트코인 폭락 경고",0
2021.07.03,'고용지표 안도' NY증시·국채 랠리‥비트코인 0.6%↓,0
2021.07.03,"""비트코인 ETF 오래전에 승인했어야""…美SEC 위원의 한탄",1
2021.07.04,알고리즘 조정으로 비트코인 채굴업자 수익 껑충,1
2021.07.04,"비트코인 사자마자 450억 날린 넥슨…""유저 믿고 존버?”",0
2021.07.04,'20만1250대' 테슬라 2분기에 '사상 최대' 팔았다…최대 장애물은 비트코인 투자손실,0
2021.07.04,1조1천억 비트코인 증발하나...숨진 개인투자자 비밀번호는?,0
2021.07.05,"유럽 내 거래량 최대 비트코인 ETP, 탄소중립 추진",1
2021.07.05,비트코인 3만5000달러대 회복…이더리움 5.9% 상승,1
2021.07.05,[코인브리핑] 비트코인 떨어지고 이더리움 상승반전,0
2021.07.05,[비트코인 지금] 4000만원까지 하락…中 채굴업체 사라지면서 채굴 난이도 쉬워져,0
2021.07.05,中 채굴 금지에 ‘난이도’ 쉬워지자 비트코인 가격↑ “오히려 좋아~”,1
2021.07.05,비트코인 3900만~4000만원대서 등락…가상화폐 거래소 줄폐업 가시화,0
2021.07.06,"비트코인, 4% 하락‥러 해커, 비트코인 1천만달러 몸값 요구",0
2021.07.06,[비트코인 지금] 4000만원 밑으로…해커들 복구조건으로 비트코인 요구,0
2021.07.06,[코인브리핑] 비트코인 4000만원 횡보,0
2021.07.06,비트코인 투자 인기 시들?…가상자산 하루 거래량 3분1토막,0
2021.07.07,中 가상화폐 관련 기업 폐쇄‥비트코인 0.6% 하락,0
2021.07.07,"""비트코인 폭락에 테슬라 최대 1억달러 손실날 수도""",0
2021.07.07,비트코인 등 이용해 불법 외환거래…‘1.6조원’ 적발,0
2021.07.07,[비트코인 지금] 美中서 이어지는 규제…박스권 갇힌 비트코인,0
2021.07.07,"GBTC 비트코인 대량 매도, 하락장 부추길까",0
2021.07.07,"""851번 쪼개 송금한 뒤 비트코인 구입""…불법외환거래 1.7兆 적발",0
2021.07.08,"테슬라, 비트코인 투자 1억달러 손실‥가상화폐 보합",0
2021.07.08,"전 美 CFTC 위원장 ""비트코인 ETF, 투자자 및 규제당국 모두에게 이득""",1
2021.07.08,"골드만삭스 ""이더리움, 비트코인 능가하는 가치 저장소 될 가능성 있다""",1
2021.07.08,[코인브리핑] 비트코인 4000만원 아래로...이더리움도 하락,0
2021.07.08,[비트코인 지금] 또 4000만원 아래로…UBS “규제 때문에 폭락할 수도”,0
2021.07.08,"""다이아 구매에 월급까지 비트코인으로""...박스권 갇힌 코인 가격은 '무덤덤'",1
2021.07.09,'델타 변이' 공포 불똥…비트코인 5%↓ 이더리움 9%↓,0
2021.07.09,[비트코인 지금] 3900만원대로 소폭 상승했지만…확산되는 델타 변이 공포,0
2021.07.10,"'보름째 박스권' 비트코인 3900만원대 횡보, 이더리움 250만원대",1
2021.07.11,"한때 비트코인 옹호론자였던 미너드, 1만달러까지 폭락 예상",0
2021.07.11,"4000만원 전후 머물렀지만…과거 비트코인 옹호론자 ""1만달러까지 급락할 것""",0
2021.07.11,[코인브리핑] 비트코인-이더리움 횡보...GBTC 만기 악재될까,0
2021.07.11,"엘살바도르 국민 절반 ""비트코인이 뭐에요?""…정부는 법정통화 인정",1
2021.07.12,비트코인 4000만원대…이더리움 250만원,1
2021.07.12,"바이낸스, 비트코인 폭락 당시 서버 다운..투자자들 소송",0
2021.07.12,"이스라엘 투자 펀드 그룹, 비트코인에 2.6조원 투자",1
2021.07.12,애플 공동창업자 “비트코인이 금보다 낫다”,1
2021.07.12,“1만달러까지 추락” 비트코인 옹호론자마저 돌아서…비트코인 가격은 여전히 박스권,0
2021.07.12,"[코인브리핑] 비트코인-이더리움, 2% 상승",1
2021.07.12,[비트코인 지금] 폭락인데 바이낸스는 먹통…투자자들 소송까지 고려,0
2021.07.13,비트코인 3.5% 하락‥6월 거래량 40% 추락,0
2021.07.13,중국의 규제가 비트코인의 앞길을 막지 못하는 이유,1
2021.07.13,"3000만원대에 갇힌 비트코인, 4000만원 코 앞서 또 하락",0
2021.07.13,비트코인 가격 하락 속 지난달 거래량 40% 급감,0
2021.07.13,[코인브리핑] 美 증시 급등 탓?...비트코인-이더리움 하락,0
2021.07.13,[비트코인 지금] 주요 가상화폐 거래소 6월 거래량 40% 이상 급감,0
2021.07.13,'3800만~4000만원' 박스권 갇힌 비트코인,0
2021.07.14,한국서도 비트코인 ETF 나오나…與도 野도 힘 모았다,0
2021.07.14,"비트코인, 인플레에 발목 잡혔다‥美 CPI 급등에 하락",0
2021.07.14,"""이러다 갑자기 폭락할까 무섭다""…비트코인 가상화폐 공포지수가…",0
2021.07.14,[코인브리핑] 물가 뛰는데 비트코인은 하락…헷지 역할 못하나,0
2021.07.14,금융위기 예측한 탈레브 “비트코인 가치는 0”,0
2021.07.14,하락장에 믿을 건 비트코인 뿐(?)..시장지배력 높아져,1
2021.07.14,[비트코인 지금] 3700만원대로 하락…소문뿐인 애플 매입설,0
2021.07.14,"월가 애널리스트 ""비트코인은 도박…청년들에게 너무 위험해""",0
2021.07.15,"ECB ""디지털 유로, 비트코인보다 친환경적"".. 발행 대비 위한 다음 단계 추진",0
2021.07.15,"[불량코인의 늪]""강남 땅과 비트코인은 마찬가지"" 가상화폐 투자설명회 가보니…",0
2021.07.15,[비트코인 지금] 3800만원대로 하락…SEC 가상화폐 ETF 승인 또 연기,0
2021.07.15,[단독] 빗썸·업비트 악재 속출…코인계좌 장담못한다,0
2021.07.15,"디지털 달러 나오면 비트코인은?…파월 ""필요없어질 것""",0
2021.07.16,"채권왕 ""비트코인 2.3만달러까지 하락""‥美 국무부, 가상화폐 지급수단 분류",0
2021.07.16,파월 '디지털 달러' 한마디에..비트코인 등 암호화폐 폭락,0
2021.07.16,에프앤가이드 디지털자산지수 발표…비트코인ETF 나올까,0
2021.07.16,[코인브리핑] 비트코인 나흘연속 하락…3760만원,0
2021.07.16,[비트코인 지금] 3700만원대로 하락…파월 “비트코인 필요 없어질 것”,0
2021.07.16,카자흐스탄 비트코인 채굴장 급부상…美·中이어 3위.1
2021.07.16,"트위터 공동창업자, 스퀘어에 비트코인 전용 플랫폼 설치",1
2021.07.16,트위터 공동창업자 잭 도시 “비트코인 전용 서비스 플랫폼 구축”,1
2021.07.17,비트코인 3700만원대…전날 같은 시간 比 0.21%↓,0
2021.07.17,"[GAM] ""6:4 포트폴리오에 비트코인 편입하면 수익률 극대화""",1
2021.07.17,비트코인 3700만원대 약보합…24시간 전보다 0.39%↓,0
2021.07.18,[코인브리핑] 주말 악재 피한 비트코인…뱅크오브아메리카 호재,1
2021.07.19,"소식통 ""BoA, 비트코인 선물 거래 승인""",1
2021.07.19,中금지령에 美 비트코인 채굴 허브로 '우뚝',1
2021.07.19,햇볕 안 드는 코인시장…업비트 석달간 상승 코인 2종뿐,0
2021.07.19,[코인브리핑] 비트코인 3730만원…박스권 내 하락,0
2021.07.19,中 비트코인 채굴 단속에 카자흐스탄에서는 급증,1
2021.07.19,[비트코인 지금] 커지는 ‘코인런 우려’…규제 고삐 당기는 美 금융당국,0
2021.07.20,"옐런 ""스테이블코인 규제 방안 서둘러야""‥비트코인 2% 하락",0
2021.07.20,가상자산 예외 없다…비트코인·이더리움값 일제히 하락,0
2021.07.20,비트코인 국내 가격 3600만원대…'계단식 하락' 이어져,0
2021.07.20,[코인브리핑] 비트코인 5.3% 급락…3만달러 내줘,0
2021.07.20,[속보]비트코인 가격 3만달러 붕괴…한달여 만에 처음,0
2021.07.20,“10만달러 간다더니”…델타변이 쇼크에 비트코인 3만달러 깨졌다,0
2021.07.20,비트코인 가격 3만달러 붕괴…알트코인도 줄줄이 하락,0
2021.07.20,델타변이 공포에 비트코인 3만 달러선 붕괴,0
2021.07.20,[비트코인 지금] 3500만원대로 급락…“투자자들 손실 실현 중”,0
2021.07.20,[포토]주식·비트코인 등 위험자산 선호도 '급락',0
2021.07.20,"비트코인, 한 달 만에 3만달러 밑으로…결국 1차 지지선 무너져",0
2021.07.21,"""비트코인 3만달러선 재차 붕괴…경기둔화 연결고리는 미미""",0
2021.07.21,[코인브리핑] 비트코인 4%대 상승…3630만원,1
2021.07.21,"비트코인, 3만달러 다시 넘었다",1
2021.07.21,[비트코인 지금] 3600만원대로 반등…전문가들 “더 떨어진다” vs “회복한다”,1
2021.07.21,"'델타변이發 충격 이겨냈다' 비트코인, 오후장서 상승전환 '3만 달러' 회복",1
2021.07.22,"비트코인, 3만2000달러 돌파",1
2021.07.22,"머스크 ""테슬라, 비트코인 결제 재개할 수 있어""",1
2021.07.22,"머스크 ""테슬라, 비트코인 결제 재개 할 것""‥비트코인 3만2천달러 회복",1
2021.07.22,"오락가락 머스크 ""비트코인 결제 재개 가능성 크다"" 가격 급등",1
2021.07.22,머스크 비트코인 입방정에 테슬라 하락마감[서학개미굿모닝],0
2021.07.22,머스크 입이 또 암호화폐 움직였다…비트코인 가격 꿈틀(종합),0
2021.07.22,머스크 입이 또 코인 시장 흔들었다…비트코인 3만2000달러 회복,1
2021.07.22,"머스크 ""결제 재개 가능성 커"" 발언에 비트코인 3만2000달러 돌파",1
2021.07.22,"일론 머스크 ""테슬라, 다시 비트코인 결제 지원 가능성 크다""",1
2021.07.22,"머스크 ""결제 재개 가능성 커"" 발언에 비트코인 3만2000달러 돌파",1
2021.07.22,[비트코인 지금] 머스크 CEO와 美 SEC 위원장의 발언에 3700만원대로 반등,1
2021.07.23,하루만에 끝난 '머스크 효과'..비트코인 상승세 약해져,1
2021.07.23,"미래애셋 미국 자회사 글로벌X, 비트코인 ETF 신청",1
2021.07.23,[비트코인 지금] 3800만원대 머물러…머스크 효과는 끝?,0
2021.07.23,"미래에셋운용 글로벌엑스, 비트코인ETF 美상장신청",1
2021.07.24,'다시 한 번 머스크 효과' 비트코인 4000만원 재돌파 목전,1
2021.07.25,[코인브리핑] 비트코인 4000만원 돌파,1
2021.07.25,"아마존, 블록체인 전문가 채용 소식에…비트코인 4000만원 넘어",1
2021.07.25,비트코인이 인플레 헤지 수단?…물가 상승 우려에도 가격은 급락,0
2021.07.26,"""아마존, 연내 비트코인 결제 시작""‥비트코인 3만4천달러대 진입",1
2021.07.26,비트코인 5일째 상승..머스크가 일으켜 세우고 아마존이 등 토닥이고,1
2021.07.26,"비트코인, 5일 연속 상승세...3만4792달러까지 상승",1
2021.07.26,"""머스크보다 아마존이 낫네""…비트코인, 한달만에 4500만원 재돌파",1
2021.07.26,[코인브리핑] 비트코인 11% 급등…4450만원,1
2021.07.26,"머스크 “테슬라, 비트코인 결제 재개”…반등 성공",1
2021.07.26,"비트코인, 아마존·트위터 호재에 4400만원 돌파…‘주말 징크스’도 없었다",1
2021.07.26,[비트코인 지금] 4400만원대로 급등…아마존·트위터發 훈풍 분다,1
2021.07.26,CBDC 나오면 비트코인은 소멸? NO! [코린이를 위한 암호화폐 설명서 7 ],0
2021.07.26,[세법개정] '비트코인 탈세' 원천봉쇄…국제거래 통한 세부담 회피 '차단',0
2021.07.26,"비트코인, 6주만에 3만9000달러 다시 돌파",1
2021.07.27,[속보]비트코인 가격 4만달러 돌파…하루새 17% 폭등,1
2021.07.27,'아마존 효과' 비트코인 한달여 만에 또 4만달러 뚫었다(상보),1
2021.07.27,"비트코인 4만달러 돌파‥테슬라, 비트코인 매도 안했다",1
2021.07.27,비트코인 한때 17% 급등..한때 4만달러 넘었다 다시 내려,1
2021.07.27,"비트코인 부활, 장중 4만달러 돌파",1
2021.07.27,"[GAM] 아마존의 비트코인 결제 계획, 게임 체인저 될까",1
2021.07.27,비트코인 살아나니…이더리움·리플 등도 3%↑,1
2021.07.27,"아마존, 암호화폐 결제 허용 부인..비트코인 급락",0
2021.07.27,"외신 ""아마존, 비트코인 결제 도입 부인""",0
2021.07.27,[코인브리핑] 아마존 비트코인 결제 부인에 비트코인-이더리움 6% 급락,0
2021.07.27,10년 전 비트코인에 1000불 투자했다면 지금 얼마 벌었을까,1
2021.07.27,"[비트코인 지금] 아마존, 비트코인 결제 허용 부인…4300만원대로 하락",0
2021.07.27,"아마존 “비트코인 결제 보도, 사실 아니다”…비트코인 8시간 만에 10% ‘뚝’",0
2021.07.28,비트코인 가격이 0원이 되는 5가지 시나리오,0
2021.07.28,"비트코인, 아마존 충격 떨치고 4500만원대 회복",1
2021.07.28,[코인브리핑] 아마존 비트코인 결제 부인에도 비트코인 10% '껑충',1
2021.07.28,"공정위, 업비트·빗썸·코빗·코인원 등 8개 가상자산거래소 불공정약관 시정권고",0
2021.07.28,[비트코인 지금] 4600만원대로 반등…아마존 결제서비스 부인에도 상승세,1
2021.07.28,김치프리미엄은 이제 옛말…비트코인 가격 해외보다 낮아져,0
2021.07.29,Fed 효과‥美 증시 혼조·국채금리와 달러↓· 비트코인 ↑,1
2021.07.29,"비트코인, 일주일째 랠리 이어간다…4600만원대 회복",1
2021.07.29,"박스권 벗어난 비트코인, 다시 상승장 열리나",1
2021.07.29,"[코인브리핑] 비트코인-이더리움, 제자리걸음",0
2021.07.29,기관투자자들이 비트코인 강세장에 베팅하는 이유는,1
2021.07.30,[GAM] 비트코인 시장 '큰손'들 수상한 움직임...상승장 전환 신호인가?,1
2021.07.30,"비트코인, 4만달러 앞두고 횡보…이더리움·리플 1%↑",1
2021.07.30,[비트코인 지금] 4500만원대에서 숨고르기…IMF 총재 “비트코인은 화폐와 거리 멀어”,0
2021.08.01,"비트코인, 10일째 상승 랠리…5000만원 회복 `눈앞`",1
2021.08.01,"[코인브리핑] 비트코인, 2개월래 최고가…4840만원",1
2021.08.01,비트코인 10일 연속 상승…5000만원 넘보나,1
2021.08.02,"비트코인 4만1천달러 횡보‥이더리움, 8% 급등",1
2021.08.02,"연일 오르던 비트코인 4700만원대로 하락, 이더리움은 4% 상승",1
2021.08.02,美 바이든 행정부의 가상자산 증세 소식에 비트코인 하락,0
2021.08.02,비트코인 다시 4만달러선 아래로…국내 4600만원대 하락,0
2021.08.02,[코인브리핑] 비트코인 열흘간 릴레이 상승 후 하락세,0
2021.08.02,[비트코인 지금] 美 의회 가상화폐 증세 합의 소식에 4500만원대로 하락,0
2021.08.02,"비트코인, 다시 3만달러 대...미국발 세금폭탄에",0
2021.08.02,美 가상자산 증세에 비트코인 상승 랠리 중단…한때 4만달러 밑으로 ↓,0
2021.08.02,美 '가상화폐 과세' 소식에 비트코인 상승세 발목잡혀,0
2021.08.03,비트코인 4만달러 붕괴‥美 의회서 가상화폐 규제 법안 발의,0
2021.08.03,"사우디 아람코, 비트코인 채굴 보도 부인",0
2021.08.03,다시 하락세…비트코인 4500만원대,0
2021.08.03,"[코인브리핑] 비트코인, 다시 4600만원 아래로",0
2021.08.03,"""머스크 밉겠네""…트위터 창업자 핀테크기업, 비트코인 반토막에 518억 손실",0
2021.08.03,[이구순의 느린걸음] 당신의 비트코인은 안녕하십니까?,0
2021.08.03,[비트코인 지금] 현실화되는 美 규제…4400만원대로 하락,0
2021.08.03,'中 비트코인 때리기' 약발 끝?...채굴능력 원상 회복,0
2021.08.04,"비트코인, 3만8천달러서 공방‥SEC 위원장 ""서부시대 같다‥강력 규제 필요""",0
2021.08.04,비트코인 국내 가격 4500만원대 횡보,0
2021.08.04,[비트코인 지금] SEC 위원장도 강력 규제 시사…4400만원대 머물러,0
2021.08.05,로빈후드 50% 급등‥비트코인 4만달러 진입 시도,0
2021.08.05,[비트코인 지금] 억만장자 레이 달리오 “비트코인보다는 금”,0
2021.08.06,"Fed 이사 ""디지털 달러 필요 없어""‥비트코인, 4만1천달러로 급등",0
2021.08.06,"[GAM] ""이더리움은 구글, 비트코인은 야후""…이더리움 1만달러 전망도",0
2021.08.06,"이더리움, 비트코인 제치나?…1100만원 전망도",0
2021.08.06,"[비트코인 지금] 4600만원대로 상승…JP모건, 신규 가상화폐 펀드 판매 결정",1
2021.08.07,"비트코인 4만3천달러 돌파‥""강세장 돌아왔다""",1
2021.08.07,비트코인 가격 급등 4900만원 거래‥도지코인도 올라 239원,1
2021.08.07,7일 오전 비트코인 가격 소폭 상승..4900만원대,1
2021.08.07,비트코인 5.4%↑ 오른 4900만원대…이더리움 331만원,1
2021.08.08,"""탐욕 지수 다시 오른다""…비트코인 5000만원 넘었다 이더리움도 급등",1
2021.08.08,美 SEC의 부정적 입장에도…비트코인 5100만원대로 급등,1
2021.08.09,[비트코인 지금] 국내외 비트코인 소폭 하락…5060만원·4만3600달러 선,0
2021.08.09,"비트코인, 석 달 만에 5000만원대 진입…다음 저항선은 5800만원?",1
2021.08.10,"비트코인, 4만6000달러 회복",1
2021.08.10,비트코인 4만6천달러 돌파‥5만달러 '정조준',1
2021.08.10,"""과세법안 견딜만하네"" 비트코인 장중 4만6000달러 돌파",1
2021.08.10,[글로벌포스트] 비트코인 3개월만에 4.6만달러 회복,1
2021.08.10,"[특징주]비덴트, 비트코인 5000만원대 회복에 ↑",1
2021.08.10,"美 최대 영화체인점, 비트코인으로 요금 받는다",1
2021.08.10,"[특징주]우리기술투자, 비트코인 강세에 '10%↑'",1
2021.08.10,[포토]5천만원 돌파한 비트코인,1
2021.08.10,[포토]비트코인 4만6000달러 돌파...가상화폐 동반 상승세,1
2021.08.10,[포토]비트코인 4만6000달러 돌파...가상화폐 상승세,1
2021.08.10,[포토]비트코인 국내가격 한때 5천300만 원대로 상승,1
2021.08.10,[포토]비트코인 연일 급등,1
2021.08.10,"[포토]비트코인, 한때 5300만원대 상승...이더리움 2.65%↑",1
2021.08.10,"[포토]비트코인 장중 4만6000달러 돌파…美 상원 ""개인에는 과세 안해""",1
2021.08.10,[비트코인지금] 국내 비트코인 5300만원선…해외 5만달러 돌파 시동,1
2021.08.10,다시 뜨는 비트코인…꼭 알아야 할 사이트는 ‘코인마켓캡·쟁글’,1
2021.08.11,"[GAM] ""비트코인 200일 이평선의 법칙 시작됐다...연말 10만달러 전망""",1
2021.08.11,"비트코인 5200만원대, 최근 저점보다 40% 올라",1
2021.08.11,다시 고개드는 비트코인 '10만달러 돌파' 낙관론,1
2021.08.11,"[비트코인 지금] 일상에 자리잡나…美 영화관 체인 AMC, 가상화폐 결제 추진",1
2021.08.12,메시 효과에 치솟은 가상화폐‥비트코인 2.2% 상승,1
2021.08.12,"[글로벌포스트] ""기관투자자들, 2020년 말처럼 비트코인 매집 중""",1
2021.08.12,[GAM] 비트코인 랠리 재개에도 해외 기관펀드는 이더리움에 '올인',0
2021.08.12,"분석 ""기관, 2020년 말 때처럼 비트코인 매집 중""",1
2021.08.12,"""100만달러 계좌 급증·개미 돌아왔다""…비트코인 등 가상자산 일제히 상승",1
2021.08.12,[비트코인 지금] 커지는 투자자 관심…전체 가상화폐 시총 2조달러 돌파,1
2021.08.13,"비트코인 4만7천달러 앞두고 4.5% 하락‥""5만달러 돌파 위한 조정""",0
2021.08.13,비트코인 너무 올랐나? 4만7000달러 앞두고 4.5% 급락,0
2021.08.13,비트코인 5만달러 돌파 숨고르기?…3주간 50% 급등 뒤 하락세,0
2021.08.13,[비트코인 지금] 5200만원대에서 횡보…美 하원서 진통 겪는 가상화폐 과세안,0
2021.08.13,비트코인 채굴 난이도는↑ 수익성은↓,0
2021.08.14,코인불장 돌아오나…비트코인 가격 5500만원 돌파,1
2021.08.14,비트코인 국내가격 5500만원대로 ↑…이더리움 384만원,1
2021.08.15,美 MIT 공대생에 비트코인 100달러 준 결과,1
2021.08.15,[코인브리핑] '주말 약세' 비트코인…다시 5500만원 아래로,0
2021.08.16,월마트도 가상화폐 시장 참여?…비트코인 5400만원대 머물러,0
2021.08.16,"업비트 빗썸 코인원 코빗도 불안하다…정부 ""요건 갖춘 코인거래소 한 곳도 없다""",0
2021.08.16,거래소 줄폐업 예고됐지만…비트코인은 5500만원대 회복,1
2021.08.17,"암호화폐 시총 2조달러 재돌파…""비트코인 10만달러 간다""",1
2021.08.17,[코인브리핑] 비트코인-이더리움 약세..일시조정 vs.가격후퇴,0
2021.08.18,비트코인 5300만원 안팎 횡보…암호화폐 시총 2조달러 밑돌아,0
2021.08.18,[코인브리핑] 비트코인 100만원 '뚝'…5300만원,0
2021.08.18,"""비트코인, 온라인 금""이라더니…억만장자 투자자 코인 대신 금 샀다",0
2021.08.18,"[GAM] 랠리 '숨고르기' 비트코인, '극과 극' 논란 속 종착지는",0
2021.08.19,비트코인 신봉자 '돈나무 언니'도 팔았다..가상자산 또 급락할까,0
2021.08.19,‘돈나무 언니’ 비트코인 보유량 줄여..가상자산 하락,0
2021.08.19,트위터 CEO 잭 도시 “비트코인 채굴 시작”,0
2021.08.19,"中 상하이 법원 ""비트코인은 중국법 보호 받는 가상재산""",0
2021.08.19,"""돈나무 언니도 팔았다"" 비트코인, 5300만원 안팎 횡보",0
2021.08.19,"[코인브리핑] 비트코인, 5300만원 아래로",0
2021.08.19,"[비트코인 지금] GBTC 매도하는 캐시 우드, 가상화폐 채굴하는 잭 도시",1
2021.08.20,암호화폐 다시 상승세…월가선 비트코인 펀드 출시,1
2021.08.20,"미 4대 은행 웰스파고, 비트코인 패시브 펀드 등록",1
2021.08.20,"바이파이, 비트코인-이더리움 연결 디파이 서비스 출시",1
2021.08.20,"비트코인, 안전자산으로 뜨나",1
2021.08.20,[코인브리핑] 비트코인 5500만원 탈환,1
2021.08.20,"“비트코인 ETF, 연내 상장 어려워”",0
2021.08.20,"[비트코인 지금] 5500만원대로 반등…美 대형은행, SEC에 비트코인 펀드 신청",1
2021.08.22,"[GAM] ""암호화폐 변동성 과도해…비트코인 투자자들 다시 금으로 몰릴 것""",0
2021.08.22,[코인브리핑] 비트코인 상승열기 꺾여…5720만원,0
2021.08.23,"비트코인 5만달러 돌파 실패‥""가상화폐 10년 내 기존 통화 대체""",0
2021.08.23,[코인브리핑] 비트코인 5800만원 재돌파…페이팔 호재,1
2021.08.23,"비트코인, 3개월여만에 5만달러 돌파",1
2021.08.23,"비트코인, 다시 5만달러 회복…3개월만 최고치",1
2021.08.23,"[비트코인 지금] 5800만원대 돌파…페이팔, 영국서도 가상화폐 거래 서비스 실시",1
2021.08.23,"비트코인, 석 달 만에 5만달러 돌파…카르다노, 일주일간 30% ↑",1
2021.08.23,비트코인 가격 반등에…가상화폐 ETF 수익률 '쑥',0
2021.08.23,비트코인 6000만원 눈앞.. 美기업·기관이 상승 견인,1
2021.08.24,[코인브리핑] 비트코인 하루만에 보합…5760만원,0
2021.08.24,"비트코인 투자 전 고려할 세 가지…거품론, 포모, 그리고 이것",0
2021.08.24,[비트코인 지금] 5700만원대에서 숨고르기…상승세 탄 카르다노,0
2021.08.24,카르다노 시총 100조 돌파...비트코인·이더리움 맹추격,0
2021.08.25,'고래가 돌아왔다' 비트코인 강세 배경 부상,1
2021.08.25,가상자산 하락전환..비트코인 4만5천불 지지선 위험,0
2021.08.25,"블룸버그 애널리스트 ""이르면 10월 말 미국서 비트코인 ETF 출시 전망""",1
2021.08.25,[코인브리핑] 비트코인 이틀연속 하락…5640만원,0
2021.08.25,"[비트코인 지금] 상승세 배경엔 대형투자자…마이크로스트레티지, 비트코인 보유량 10만개 넘어서",1
2021.08.26,[코인브리핑] 비트코인 3% 하락… 5500만원도 '위태',0
2021.08.26,[비트코인 지금] 5500만원대로 하락했지만…긍정적 전망 내놓는 전문가들,1
2021.08.27,[코인브리핑] 비트코인 치열한 공방…5500만원 탈환,1
2021.08.27,[비트코인 지금] 월간 옵션 만기일 앞두고…5500만원대에서 횡보,1
2021.08.29,"쿠바, 비트코인 등 암호화폐 결제 수단으로 인정",1
2021.08.29,[코인브리핑] 비트코인 5800만원 터치,1
2021.08.29,비트코인 5600만원대로 소폭 하락…쿠바 비트코인 결제 수단으로 인정,1
2021.08.30,[코인브리핑] 비트코인 다시 5700만원 아래로,0
2021.08.30,[비트코인 지금] 5600만원대에서 주춤…끝나가는 파월 효과,0
2021.08.31,"분석 ""고래들, 비트코인 보유량 확대... 가격 상승 기대""",1
2021.08.31,[코인브리핑] 비트코인 2% 하락…5550만원,0
2021.08.31,[비트코인 지금] 5500만원대로 하락…알트코인 펀드엔 자금 유입,0
2021.08.31,"억만장자 “비트코인, 가치 없어…金 사라”",0
2021.09.01,"[글로벌포스트] 이더리움, 8월중 30% 급등...비트코인의 2배",0
2021.09.01,[비트코인 지금] 5500만원대에서 횡보…여전한 규제 리스크,0
2021.09.01,비트코인 랠리 ‘주춤’…투자자 시선 알트코인으로 옮겨가,0
2021.08.26,[코인브리핑] 비트코인 3% 하락… 5500만원도 '위태',0
2021.08.26,[비트코인 지금] 5500만원대로 하락했지만…긍정적 전망 내놓는 전문가들,0
2021.08.27,[코인브리핑] 비트코인 치열한 공방…5500만원 탈환,0
2021.08.27,[비트코인 지금] 월간 옵션 만기일 앞두고…5500만원대에서 횡보
2021.08.29,"쿠바, 비트코인 등 암호화폐 결제 수단으로 인정",1
2021.08.29,[코인브리핑] 비트코인 5800만원 터치,1
2021.08.29,비트코인 5600만원대로 소폭 하락…쿠바 비트코인 결제 수단으로 인정,0
2021.08.30,[코인브리핑] 비트코인 다시 5700만원 아래로,0
2021.08.30,[비트코인 지금] 5600만원대에서 주춤…끝나가는 파월 효과,0
2021.08.30,"""실명계좌 못받으면 비트코인마켓으로 가상자산 사업자 신고""",0
2021.08.31,"페이팔, 비트코인 이어 주식거래도 기웃",1
2021.08.31,"분석 ""고래들, 비트코인 보유량 확대... 가격 상승 기대""",1
2021.08.31,[코인브리핑] 비트코인 2% 하락…5550만원,0
2021.08.31,[비트코인 지금] 5500만원대로 하락…알트코인 펀드엔 자금 유입,0
2021.08.31,"억만장자 “비트코인, 가치 없어…金 사라”",0
2021.09.01,"[글로벌포스트] 이더리움, 8월중 30% 급등...비트코인의 2배",1
2021.09.01,[비트코인 지금] 5500만원대에서 횡보…여전한 규제 리스크,0
2021.09.01,비트코인 랠리 ‘주춤’…투자자 시선 알트코인으로 옮겨가,0
2021.09.02,[비트코인 지금] 5700만원대로 상승…급성장하는 NFT 시장,1
2021.09.03,"비트코인, 5만달러 돌파 못 하고 '게걸음'하는 이유는",0
2021.09.03,[코인브리핑] 비트코인 5760만원…상승세 지속,1
2021.09.03,[비트코인 지금] 5700만원대 유지…알트코인 연일 강세,1
2021.09.04,"비트코인, 5만1000달러 돌파...5월 이후 최고",1
2021.09.04,"美고용쇼크가 반가운 비트코인, 5만달러 뚫고 어디까지?",1
2021.09.05,[비트코인 비틀기] 소로스는 비트코인을 어떻게 바라봤을까,0
2021.09.05,[코인브리핑] 비트코인 약세…5730만원,0
2021.09.06,"애널리스트 ""이번 비트코인 불마켓, 12월~3월까지 갈 것""",1
2021.09.06,"""미 테이퍼링 시점 늦춰지나"" 비트코인 6000만원 재돌파 목전",1
2021.09.06,[코인브리핑] 비트코인 6000만원 근접,1
2021.09.06,알트코인이 밀어 올린다…맹추격에 비트코인도 6000만원 ‘눈앞’,1
2021.09.06,비트코인 내일부터 ‘진짜 돈’처럼 쓰인다…투기자산 오명 벗을까,1
2021.09.06,[비트코인 지금] 엘살바도르 법정화폐 채택 앞두고…비트코인 6000만원 근접,1
2021.09.07,"엘살바도르 법정통화 채택 하루 전, 비트코인 6000만원 돌파",1
2021.09.07,비트코인 5만2천불 돌파..골든크로스 임박,1
2021.09.07,"[사진] ""비트코인 법정통화 반대""와 엘살바도르 국기",0
2021.09.07,"이더리움, 비트코인 눌렀다…계열 코인 시총 한달새 36% 급등",1
2021.09.07,"""오르니 좋긴한데…"" 비트코인 4개월만에 6천만원 돌파, 엘살바도르 법정통화 통용 8일부터",1
2021.09.07,"[GAM] 비트코인, 큰손+개인 매수세에 5만2000달러 돌파...'공급쇼크' 가능성↑",1
2021.09.07,"“이게 얼마만이야?” 비트코인, 넉 달 만에 6000만원 돌파",1
2021.09.07,비트코인 3개월반만에 6000만원 돌파,1
2021.09.07,[포토] 비트코인 가격 석 달여만에 6천만 원대 회복,1
2021.09.07,"비트코인 법정화폐 채택한 엘살바도르, 400BTC 매입",1
2021.09.07,[비트코인 지금] 6000만원 넘었다…관심 보이는 자산운용사,1
2021.09.07,"엘살바도르 정부, 비트코인 법정통화 발효 전날 400개 구매",1
2021.09.08,엘살바도르 소식 이후 너무 올랐나…비트코인 9% 폭락,0
2021.09.08,"비트코인 10% 폭락…엘살바도르 대통령 ""저가 매수""(종합)",0
2021.09.08,엘살바도르 법정통화 된 날..비트코인 10% 이상 폭락했다,1
2021.09.08,[뉴스새벽배송]나스닥 최고가 행진…비트코인은 '뚝',1
2021.09.08,엘살바도르 시민들 비트코인 반대시위,0
2021.09.08,"엘살바도르 법정통화 도입 첫날, 비트코인 가격 11% 하락",0
2021.09.08,"[특징주]가상자산株, 비트코인 10% 하락에 '급락'",0
2021.09.08,비트코인 '진짜 돈' 되자마자 비트코인 값 폭락했다…엘살바도르 난장판,0
2021.09.08,반대시위·앱다운·가격급락…엘살바도르 '비트코인 데이' 시작부터 삐그덕,0
2021.09.08,한 시간 만에 400만원 급락한 비트코인…남은 모멘텀 '흐릿',0
2021.09.08,한국 투자자 또 호구되나…비트코인 급락에 다시 고개드는 김치프리미엄,0
2021.09.08,[비트코인 지금] 5400만원대로 급락하자…저가매수 하는 엘살바도르 정부,0
2021.09.08,"폭락하던 비트코인, 4만6000달러 안팎 보합권 거래",0
2021.09.09,[뉴스새벽배송]나스닥도 '하락'…급락하던 비트코인은 '진정',0
2021.09.09,"미국 감독당국 ""코인베이스 업역확대하면 소송제기할 것""...비트코인 가격 하락",0
2021.09.09,[코인브리핑] 비트코인 5500만원…약세 지속,0
2021.09.09,"우크라이나, 비트코인 합법 법안 통과",1
2021.09.09,[비트코인지금] 국내 비트코인 5500만원·해외 4만6000달러선 거래,1
2021.09.09,"우크라이나, 비트코인 등 암호화폐 합법화 법안 통과",1
2021.09.10,[코인브리핑] 비트코인 5600만원…소폭 상승,1
2021.09.10,"[비트코인 지금] 5600만원대에서 주춤…우크라이나, 비트코인 합법화 앞둬",0
2021.09.11,[GAM] 비트코인·블록체인에 안전하게 투자하는 방법은? ETF가 답,0
2021.09.12,[코인브리핑] 비트코인 다시 5500만원 아래로,0
2021.09.12,"기관, 다시 가상자산 시장으로… 비트코인 펀드 9주만에 순유입",0
2021.09.12,"비트코인, 5500만원대에 머물러…국내 4대 가상화폐 거래소 FIU 신고 접수",0
2021.09.13,[비트코인 지금] 5400만원대에서 제자리걸음…이어지는 각국 규제,1
2021.09.14,"'돈나무 언니' 캐시 우드 “비트코인·테슬라로 막대한 수익 얻을 것""",1
2021.09.14,돈나무 언니 “비트코인 5년 내 50만달러 돌파…이더리움도 급성장”,1
2021.09.14,[비트코인 지금] 5400만원대 횡보…가짜뉴스와 유명인 SNS에 휘둘리는 가상화폐 시장,0
2021.09.14,"""비트코인 5년내 10배 오른다"" 돈나무언니 이번엔 믿어도 될까?",1
2021.09.15,"포블게이트, 결국 원화거래 중단...비트코인 마켓 오픈",0
2021.09.15,[코인브리핑] 비트코인 4% 반등…5660만원,1
2021.09.15,"비트코인, 규제 강화가 오히려 호재?…3% 안팎 상승",1
2021.09.15,[비트코인 지금] 美 SEC의 규제 시사에도?…5600만원대로 상승,1
2021.09.15,비트코인 도입 일주일된 엘살바도르…여전히 혼란,0
2021.09.16,"'돈나무 언니' 일축한 달리오 ""비트코인 10배 상승, 말 안된다""",0
2021.09.16,비트코인 등 가상자산 일제 급등..골든크로스까지,1
2021.09.16,[글로벌포스트] 비트코인 '조용한 상승'..5만달러 재도전,1
2021.09.16,"""규제당국, 비트코인 너무 성공적이면 없애 버릴 것"" 달리오",0
2021.09.16,[코인브리핑] '골든크로스' 비트코인…5730만원,1
2021.09.16,[비트코인 지금] 5700만원대로 소폭 상승했지만…불타는 엘살바도르 비트코인 입출금기,1
2021.09.16,"헤지펀드 대가 '코인 격돌'…""비트코인 시총, 금 추월"" ""미래 불투명""",0
2021.09.16,"""비트코인 성공해도 당국이 죽일 것이다""…세계 최고 헤지펀드 CEO 경고",0
2021.09.17,‘골든크로스’ 형성한 비트코인…상승장 오나,1
2021.09.17,"[비트코인 지금] 5700만원대에 머물러…AMC, 알트코인도 결제수단 도입",0
2021.09.17,"코인거래소 줄줄이 문닫은 날, 업비트 1호 가상자산 사업자 됐다",0
2021.09.19,[코인브리핑] 비트코인 5810만원…소폭 하락,0
2021.09.20,비트코인 4.5만달러 밑으로 급락...中 헝다 리스크에 휘청,0
2021.09.20,中 헝다 파산 우려 후폭풍…비트코인 등 암호화폐 동반 추락,0
2021.09.20,'중국판 리먼사태 헝다 충격에' 비트코인 4.5만 달러 아래로 떨어져,0
2021.09.21,글로벌 증시 폭락…비트코인 덩달아 10% 가까이 내려,0
2021.09.21,헝다그룹 충격에 암호화폐도 휘청…비트코인 9.87% 급락,0
2021.09.21,헝다發 글로벌 금융위기 오나…美증시·비트코인 패닉,0
2021.09.21,"[GAM] 비트코인, 위험자산 '팔자' 속 10% 풀썩…장중 4만3000달러 붕괴",0
2021.09.21,중국판 리먼 헝다 사태로 세계 증시 '출렁'…미 증시·비트코인 패닉,0
2021.09.22,암호화폐 가격 일제히 하락…비트코인 5000만원 초반대 거래,0
2021.09.22,업비트 '코인 예치금' 42조원,1
2021.09.23,[글로벌포스트] 비트코인 반등...헝다 '안심'-美 금리동결 덕,1
2021.09.23,'헝다 쇼크' 진정세…비트코인 등 암호화폐 반등,1
2021.09.23,[코인브리핑] 비트코인 6% '껑충'…5450만원,1
2021.09.23,[비트코인 지금] 진정되는 中 헝다그룹 충격…5300만원대로 반등,1
2021.09.24,"[코인브리핑] 비트코인, 다시 하락세…5307만원",0
2021.09.24,"[위클리마켓뷰] 비트코인, 또 '추석 징크스'",0
2021.09.24,"[비트코인 지금] 5300만원대 머물러…트위터, 가상화폐 후원 기능 도입",0
2021.09.24,"""모든 코인 거래 불법""...中 전면전 선포했다, 비트코인 급락",0
2021.09.25,"또 중국발 '가상화폐' 충격…""모든 코인 거래 불법"" 단속 강화에 비트코인·이더리움 가격 하락",0
2021.09.26,"[코인브리핑] 비트코인, 5200만원도 깨져",0
2021.09.27,[비트코인 지금] 중국발 악재에서 벗어나…5200만원대로 소폭 반등,1
2021.09.28,또 중국발 충격에..비트코인 등 가상자산 일제 하락,0
2021.09.28,"JP모건 CEO ""비트코인, 10배 오를 수 있지만 안산다""",0
2021.09.28,"[코인브리핑] JP모건 CEO ""빚내서 비트코인 투자하면 바보""",0
2021.09.28,‘중국발 충격 여파’ 암호화폐 일제 하락…비트코인 5100만원대,0
2021.09.28,[비트코인 지금] 5100만원대로 소폭 하락…가상화폐 업계의 ‘탈중국’ 이어져,0
2021.09.29,"비트코인 하락세, 5000만원선도 위태",1
2021.09.29,[코인브리핑] 비트코인 5000만원도 '턱걸이',1
2021.09.29,"[비트코인 지금] 5000만원선 아래서 반등…머스크 “美 정부, 가상화폐 규제 멈춰라”",1
2021.09.30,"[코인브리핑] 비트코인-이더리움, 반등세로 전환",1
2021.09.30,[비트코인 지금] 가상화폐 ETF 출시 기대감에…5300만원대 반등,1
2021.10.01,"[코인브리핑] ""비트코인은 넥스트 인터넷…새롭게 설계되는 세상""",1
2021.10.01,[비트코인 지금] 가상화폐 금지 안한다는 파월 발언에도…5300만원대에서 주춤,1
2021.10.02,"엘살바도르, '화산 지열' 이용 비트코인 채굴 시작했다",1
2021.10.02,"비트코인 10% 급등‥지열 채굴· 파월 ""가상화폐 금지 없다"" 호재",1
2021.10.02,비트코인 상승세 6000만원 가시권…내년부터 20% 양도세,1
2021.10.02,"美 ""가상화폐 금지할 생각없다""...비트코인 10% 급등",1
2021.10.03,"[코인브리핑] 상승 분위기 살아나는 가상자산…비트-이더, 9% 껑충",1
2021.10.03,[GAM] 비트코인 랠리 배경에는 파월의 청신호,1
2021.10.03,"""비트코인 ETF 검토"" 美 SEC發 훈풍 기대",1
2021.10.04,미국發 훈풍에 5800만원대 올라선 비트코인…6000만원선 넘을까,1
2021.10.05,비트코인 다시 5만달러 눈앞..미국서 ETF 승인 임박 호재,1
2021.10.05,"""비트코인은 바보들의 금"" JP모간 다이먼",0
2021.10.05,업비트 성장배경엔 '부실코인'…거래 수수료 3000억 챙겨,0
2021.10.05,"비트코인 채굴 수익 일평균 4,000만 달러...채산성 개선",1
2021.10.05,"[특징주]비덴트, 비트코인 6000만원 진입에 강세",1
2021.10.05,미 ETF 승인 기대감에 비트코인 사흘째 상승…6000만원대 형성,1
2021.10.05,JP모건 CEO “비트코인은 바보들의 금”,0
2021.10.05,[GAM] 비트코인 5만달러 '눈앞'...저항선 돌파시 5만5000달러까지 랠리,1
2021.10.05,[코인브리핑] 비트코인 한달만에 6000만원 돌파,1
2021.10.05,"""비트코인 5년 안에 10배 오른다""던 JP모건 CEO, 이제와서 ""가치없다""",1
2021.10.05,어느새 6000만원 탈환한 비트코인,1
2021.10.05,[비트코인 지금] 6000만원선 돌파…찬물 뿌리는 JP모건 회장,1
2021.10.05,[포토] 비트코인 한달여만에 6000만원 재진입,1
2021.10.05,"비트코인, 한달 만에 5만달러 돌파…""많은 기회 있다""",1
2021.10.06,"비트코인, 5만달러 돌파",1
2021.10.06,"비트코인, 저항선 돌파 5만달러 재진입‥美 SEC ""금지 계획 없다""",1
2021.10.06,증시 무너지자 비트코인으로 눈돌린 투자자들..5만1000달러 재돌파,1
2021.10.06,비트코인 5만달러 재돌파…상승세 이끈 3가지 이유는,1
2021.10.06,"[홍콩 시황LIVE] 비트코인 5만 달러 회복, 블록체인株 테마후오비 17%↑",1
2021.10.06,"주식 대신 비트코인…4대 가상화폐 거래소 하루 거래대금, 코스피 앞섰다",1
2021.10.06,"비트코인, 5개월 만에 6200만원 돌파…10월 랠리 시작됐나",1
2021.10.06,[코인브리핑] 비트코인 5개월만에 6200만원 돌파,1
2021.10.06,[비트코인 지금] 6200만원대로 상승…美 SEC와 함께 커지는 낙관론,1
2021.10.06,"미국발 호재 업고… 비트코인, 한달만에 5만달러 탈환",1
2021.10.07,"비트코인, 5만5000달러 돌파",1
2021.10.07,"비트코인 또 7%이상 급등..""소로스도 거래한다"" 5개월만에 최고치",1
2021.10.07,[글로벌포스트] 조지 소로스도 비트코인 투자...비트코인 5.5만달러 급등,1
2021.10.07,비트코인 강세장…5개월 만에 5만5000달러 돌파,1
2021.10.07,"[GAM] 5만5000달러 돌파한 비트코인 전고점 뚫나?...""장기보유자 비율 사상 최다""",1
2021.10.07,[GAM] 비트코인·테슬라에 열광했던 투자자들 천연가스로…사상 최고가,1
2021.10.07,"""밤새 무슨 일이? 자고 나니 쑥"" 비트코인 6700만원대 상승…5개월만",1
2021.10.07,비트코인 5만5000달러 회복…5개월 만의 질주 왜?,1
2021.10.07,[비트코인 지금] 시총 1조달러 재돌파…소로스펀드도 가상화폐 직접 보유,1
2021.10.07,5개월 만에 급등한 비트코인…11월 추가 상승도 전망,1
2021.10.07,"비트코인 하루만에 6% 이상 급등, 왜?...비관론자도 투자했다",1
2021.10.07,[포토] 비트코인 5개월만에 최고치,1
2021.10.07,비트코인 가격 5개월만에 최고…'美코인베이스 편입' ETF 눈길,1
2021.10.08,[코인브리핑] 비트코인 6530만원…소폭 하락,0
2021.10.08,"엘살바도르 ""한달 만에 소비자 12% 비트코인 사용""",1
2021.10.08,"가상화폐 비관론자 '조지 소로스'도 샀다…비트코인, 5개월만에 5만5000달러 돌파",1
2021.10.08,다시 상승세 탄 비트코인…돌아봐야 할 리스크는?,1
2021.10.08,"""비트코인 10만불 간다"" vs ""코인은 바보들의 금""",1
2021.10.08,비트코인 ETF 8년 만에 승인날까,1
2021.10.08,[비트코인 지금] 6500만원대에서 횡보…JP모건 “기관투자자가 상승세 이끌어”,1
2021.10.09,[GAM] 비트코인 '10만달러 고지' 위해 넘겨야 할 주요 지점은?,1
2021.10.10,[코인브리핑] 비트코인 6800만원 근접…상승세 지속,1
2021.10.10,기관 업은 가상자산 본격 상승세 비트코인 시총 페이스북 넘었다,1
2021.10.11,美 비트코인 투자기업 FTF 승인…제도권 '성큼',1
2021.10.11,"""불안하지만 그래도 비트코인이네""…5개월만에 7000만원 재진입",1
2021.10.11,"비트코인, 7000만원선 돌파…페이스북 시총도 넘어",1
2021.10.11,"""비트코인 다시 달릴까""...미국 비트코인 ETF 출시 임박",1
2021.10.11,"""중국은 막았지만…"" 미국 비트코인 20% 뉴욕주서 채굴된다",1
2021.10.11,"비트코인 1억달러치 매수한 넥슨, '본전' 눈앞",1
2021.10.12,비트코인 5개월만 5만7000달러 재돌파…인플레 우려에 재평가,1
2021.10.12,"비트코인, 5만7000달러 돌파",1
2021.10.12,비트코인 5.7만달러 돌파‥알트코인은 부진,1
2021.10.12,비트코인 5개월 만에 5만7000달러 넘어…연말 랠리 기대,1
2021.10.12,"[뉴스새벽배송]원유, 80달러선 '돌파'…비트코인, 6만달러 '육박'",1
2021.10.12,"[특징주] 우리기술투자, 5거래일째 강세...""비트코인 7천만원 돌파""",1
2021.10.12,"[GAM] 비트코인 5만7000달러 돌파...""16% 조정 가능성"" 경고도",1
2021.10.12,"[이데일리N] 월가 ""이번달 내 비트코인 ETF 4개 승인될 것""",1
2021.10.12,"[코인브리핑] 비트코인, 7100만원...4.6% 상승",1
2021.10.12,"비트코인, 5개월 만에 7000만원 돌파…고점 85% 회복",1
2021.10.12,비트코인 종가기준 5개월만에 7000만원대,1
2021.10.12,[비트코인 지금] 7000만원대에서 주춤하지만…이달 내 비트코인 선물 ETF 출시 가능성,0
2021.10.12,"'강세' 비트코인…JP모건 회장 ""가치 없다"" 씨티 회장 ""규제 강화""",1
2021.10.13,[마켓인]떠오르는 비트코인…국내외 가상자산 M&A 열기도 활활,1
2021.10.13,[코인브리핑] 비트코인 6950만원…2.4% '조정',1
2021.10.13,"[GAM] 월가 전문가들 ""비트코인, 연말 7만달러 간다""",0
2021.10.13,[비트코인 지금] 6800만원대로 소폭 하락…전문가 “연말 7만달러 간다”,0
2021.10.13,"美, 中 제치고 세계 최대 비트코인 채굴 국가 됐다",1
2021.10.14,[뉴스핌 라씨로] '비트코인 ETF' 승인 기대감↑...몸값 높여 금 추세 따를까,1
2021.10.14,"[GAM] ""비트코인, 이번 주 선물 ETF 승인되면 되레 하락...'뉴스에 팔자' 예상""",0
2021.10.14,"[코인브리핑] 비트코인, 짧은 조정 후 7100만원 재진입",1
2021.10.14,"美, 세계 최대 비트코인 채굴국가 등극",1
2021.10.15,[코인브리핑] 비트코인 6만달러 '눈앞'...이더리움도 4%대 상승,1
2021.10.15,"[특징주] 우리기술투자, 19% 급등...'비트코인 7200만원 돌파'",1
2021.10.15,비트코인 7200만원대 돌파에 빗썸 관련株 비덴트 '강세',1
2021.10.15,[비트코인 지금] 7200만원대로 상승…가상화폐 두고 엇갈리는 모건스탠리와 JP모건,1
2021.10.15,[특징주] 비트코인 7200만 돌파하자... 빗썸 최대주주 비덴트 8%↑,1
2021.10.15,"[홍콩 시황LIVE] 비트코인 ETF 승인 임박, 블록체인 테마주 강세",1
2021.10.15,"""비트코인 고마워""…가격 상승에 테슬라 1조원 평가이익",1
2021.10.15,"[GAM] 비트코인, 선물ETF 승인 기대에 급등...""단기 호재 불과"" 전망도",1
2021.10.15,"비트코인, 7200만원도 넘겼다…이더리움은 6주 만에 460만원대 돌파",1
2021.10.15,"美 SEC, 비트코인 ETF 승인 임박…코인 가격 급등",1
2021.10.15,"비트코인 값, 6만달러 돌파‥거침없는 상승세",1
2021.10.16,"비트코인, ETF 기대감에 6만달러 돌파",1
2021.10.16,"NY증시, 소매판매 증가에 강세‥6만달러 돌파 비트코인 관련주 급등",1
2021.10.16,미 비트코인 ETF 승인 기대감…역대 최고가 갈아치우나,1
2021.10.16,[분석+] 비트코인 랠리에 관련株 '들썩'...美 증시 ETF 승인 '기대',1
2021.10.16,"美당국 승인 앞둔 `비트코인선물 ETF`, `비트코인 ETF`와 달라?",1
2021.10.16,"""역대 최고가 다시 깬다""…매수 열기에 뜨거워진 비트코인",1
2021.10.17,비트코인 선물 ETF 출시 예고.. 제도권 편입 신호탄,1
2021.10.17,[코인브리핑] 비트코인 7500만원…상승세 확산,1
2021.10.17,"""SEC, 비트코인 ETF 승인..18일부터 거래""",1
2021.10.17,"잭 도시, 비트코인 채굴 사업도 고려",1
2021.10.17,"美, 비트코인 선물ETF 거래 문연다..제도권 진입 기대감에 치솟는 몸값",1
2021.10.17,"“비트코인선물 ETF 승인, 제도권 진입 화룡점정“…추가 랠리 언제까지",1
2021.10.18,"""비트코인 선물 ETF 상장 기대감…현물 ETF도 시간문제""",1
2021.10.18,"美 비트코인 선물 ETF 출시 코앞, 6만달러대 유지",1
2021.10.18,"[특징주] 비덴트, 비트코인 ETF 승인 소식에 ‘강세’",1
2021.10.18,[코인브리핑] 비트코인 7700만원도 뚫었다..최고가 향해 돌진,1
2021.10.18,美 증시에 뜬 비트코인 ETF…신청 8년 만에 제도권 편입,1
2021.10.18,"비트코인, 제도권 첫발 떼다",1
2021.10.18,"비트코인, 미국발 호재 이어져...10만달러 기대감↑",1
2021.10.18,[GAM] 8년 기다린 美 '비트코인 ETF' 월가 기대감-회의론 교차,1
2021.10.18,[비트코인 지금] 7600만원대로 상승…美 비트코인 ETF 출시 ‘눈앞’,1
2021.10.18,"""비트코인, 5년 내 25만달러 간다…현재 과매수는 조심""",1
2021.10.18,"코인주 왜 오르나 봤더니…""비트코인 ETF 출시 코앞""",1
2021.10.18,美 SEC 비트코인 ETF 승인 기대감에 BTC 6.2만달러 탈환…전고점 경신할까,1
2021.10.18,비트코인 선물 ETF 거래 시작… 서학개미들의 선택은,1
2021.10.18,"비트코인, 美 ETF 거래 앞두고 급등… 연내 1억원 넘어서나",1
2021.10.19,"미국 첫 비트코인 선물 ETF, 뉴욕증시 공식 데뷔한다",1
2021.10.19,마침내 등장 비트코인 선물ETF‥이번에도 가격 정점?,1
2021.10.19,[GAM] 첫 비트코인 선물 ETF 19일 전격 출시,1
2021.10.19,"미 비트코인 선물 ETF 온다, 사상 최고치 근접",1
2021.10.19,"[GAM] 비트코인 선물 ETF 알아야 할 점은...""매도 안 했는데 세금 낼 수도""",1
2021.10.19,[비트코인 지금] 7600만원대에 머물러…두 달 내 1억원 전망도,1
2021.10.19,[코인브리핑] 비트코인 약보합…7630만원,1
2021.10.19,"8년만에 '절반의 승인'...""비트코인 ETF, 주류화 과정""?",1
2021.10.19,"[홍콩 시황LIVE] 비트코인 선물 ETF 거래 시작, 블록체인 테마주 강세",1
2021.10.19,"비트코인 선물 ETF 승인에…월가 ""현물도 머지 않았다"" 기대감",1
2021.10.19,"美 최초 비트코인 선물 ETF, 상장 첫날 2% 상승",1
2021.10.19,비트코인 역대 최고가 넘어설까…선물 ETF 첫날 강세,1
2021.10.20,"비트코인, 6만4000달러 돌파...ETF 출범 등에 업고 사상최고 경신 눈 앞",1
2021.10.20,美 첫 비트코인 선물 ETF 4% 급등 마감‥비트코인 6만5천달러 임박,1
2021.10.20,"미국 첫 비트코인 선물 ETF, 뉴욕증시 첫날 4.5% 올랐다",1
2021.10.20,"""비트코인 선물 ETF 상장…자금유입 낙관적, 변동성은 유의""",1
2021.10.20,"이루다투자, 비트코인 ETF 포트폴리오 편입",1
2021.10.20,"美 비트코인 ETF 상장, 국내 암호화폐 관련株도 '강세'",1
2021.10.20,"[특징주] 비트코인, 美서 ETF 출시되며 사상 최고가 근접... 관련주 급등",1
2021.10.20,"""암호화폐 시장 낙관론 다시 고개"" 비트코인 7900만원 돌파…최고가 근접",1
2021.10.20,"[GAM] ""비트코인 선물, 롤오버 비용으로 투자 성과 20%포인트 날릴 수 있다""",1
2021.10.20,"[이데일리N] 미국 첫 비트코인 선물 ETF, 뉴욕증시 거래 첫날 4.5% 상승",1
2021.10.20,"[특징주] 비덴트, 美 비트코인 ETF 인기에 강세",1
2021.10.20,"[특징주] 비덴트, 5일째 강세...'비트코인 역대 최고가 기대'",1
2021.10.20,"비트코인 선물 ETF, 美서 성공 데뷔",1
2021.10.20,"[코인브리핑] 비트코인, 7900만원도 뚫어…3% 상승",1
2021.10.20,"출시하자마자 급등한 비트코인 ETF, 향후 전망은?",1
2021.10.20,"업계 최초 이루다투자, '비트코인ETF' 담는다",1
2021.10.20,"[특징주]비덴트, 비트코인 8000만원 육박…역대 최고가 돌파 기대감 '들썩'",1
2021.10.20,"이루다투자, 국내 최초 비트코인 ETF 포트폴리오 편입",1
2021.10.20,"[홍콩 시황LIVE] 비트코인 선물 ETF 거래 시작, 후오비 5%↑",1
2021.10.20,"비트코인 선물 ETF, 상장 첫날 4.85% ↑…비트코인, 한때 7900만원 돌파",1
2021.10.20,[비트코인 지금] 한때 8000만원선 턱밑까지 올랐지만…7800만원대에서 주춤,0
2021.10.20,"""비트코인 5억원까지 간다""…돈나무언니 전망 믿어도 될까",1
2021.10.20,"""가상화폐 투자 안 하는게 잘못"" 비트코인 ETF 첫날 5% 뛰었다",1
2021.10.20,"""거의 완벽한 데뷔""… 비트코인 ETF 첫날 4.9% 뛰었다",1
2021.10.20,"비트코인 6만5000달러 돌파, ETF 상장에 사상 최고가",1
2021.10.21,비트코인 7만달러 넘어서나…ETF 또 9% 치솟아,1
2021.10.21,"날개 단 비트코인, 6만6000달러 돌파...사상최고 경신",1
2021.10.21,'떨어진다더니 신기록' 비트코인 6.6만달러 돌파 '신기록',1
2021.10.21,다우·S&P500 신기록 임박‥비트코인 강세 '곁불 효과',1
2021.10.21,비트코인 7만달러 돌파하나…ETF 이틀 연속 상승세(종합),1
2021.10.21,[GAM] 비트코인 6만6000달러 돌파해 사상 최고가,1
2021.10.21,"비트코인, 8000만원 돌파…6만6000달러 최고가 경신",1
2021.10.21,"""이러다 진짜 1억갈라""…비트코인 8100만원 돌파",1
2021.10.21,비트코인 ETF 인기 폭발…출시 첫날 거래량 10억달러,1
2021.10.21,비트코인 최고치 눈앞… 빗썸 '비덴트' 동반 급등,1
2021.10.21,美 ETF에 달궈진 비트코인 연내 1억 전망도…비덴트 ‘주목’,1
2021.10.21,[코인브리핑] 비트코인 8200만원 근접,1
2021.10.21,[특징주] 비트코인 1억원 간다?… 관련주도 '들썩',1
2021.10.21,비트코인 급등에 신생 채굴업체 상장 첫날 52%↑,1
2021.10.21,"테슬라, 암호화폐 1.5조원 어치 보유…비트코인 ETF 덕볼까",1
2021.10.21,"[홍콩 시황LIVE] 비트코인 사상 최고가 근접, 블록체인 테마주 강세",1
2021.10.21,"불붙은 코인시장...비트코인 6만7000달러 근접, 반년만에 사상최고가",1
2021.10.21,[비트코인 지금] 사상 최고가 턱밑까지 올라…인플레 우려가 원인?,1
2021.10.21,[GAM] 비트코인 최고가 경신에 '눈치 게임' 시작...매수냐 차익실현이냐,1
2021.10.21,ETF 바람 탄 비트코인 최고가 경신…7만달러 고지 눈앞,1
2021.10.21,비트코인 가격 상승에 관련주 비덴트도 6거래일째 상승 마감,1
2021.10.21,[fn사설] 미국은 비트코인 ETF도 출시하는데,1
2021.10.21,"ETF 날개 단 비트코인… ""이제 주류됐다"" 기관 대거 유입 [암호화폐 다시 고공행진]",1
2021.10.21,비트코인 이더리움 최고가에…중소 알트코인도 들썩,1
2021.10.22,비트코인 순식간에 7660만원→966만원 '폭락'…무슨일 있었길래?,0
2021.10.22,'펄펄' 나는 비트코인 中서는 퇴출 위기,1
2021.10.22,비트코인 상승세 ETF 때문 아니다?…JP모건 “인플레이션 영향”,1
2021.10.22,인플레때 자산 방어수단…금 대신 비트코인이 뜬다,1
2021.10.23,"[이번주 ETF]비트코인 파워, 역대 최단 10억 달러 달성 ETF로",1
2021.10.24,"숨고르기 비트코인, 추가 상승할까",1
2021.10.24,다시 치솟는 '비트코인'…'여윳돈'으로 사서 묻어둬라,1
2021.10.25,"다날핀테크, 비브릭과 업무협약…""페이코인으로 비트코인 투자 가능""",1
2021.10.25,다날 “페이코인으로 비트코인 투자할 수 있다”,1
2021.10.25,[코인브리핑] 비트코인 7500만원대 회복,1
2021.10.25,[비트코인 지금] 단기 조정 돌입…7500만원대에서 횡보,1
2021.10.25,"비트코인 선물 ETF 순항…비트코인 사상 최고, 이더리움 ETF 곧 출시",1
2021.10.26,이러니 비트코인 가격이 뜨지…지난주 가상자산 펀드에 1.7조원 유입,1
2021.10.26,[GAM] 비트코인 제도권 편입에도 쏠림 극심...소수의 '고래'가 생태계 지배,0
2021.10.26,[비트코인 지금] 7500만원대에서 주춤…독점 이슈 불거져,0
2021.10.26,"""비트코인 1억 간다고 해서 들고 있는데""…한달 2천만원 들썩에 고민",1
2021.10.26,비트코인 ETF 승인…‘10만달러설’ 현실로?,1
2021.10.26,비트코인 1억 전망에…주소에 '점' 하나 더 찍은 짝퉁 거래소 판친다,1
2021.10.27,"뉴욕 자산운용사 다이렉시온, 비트코인 선물 인버스 ETF 신청",1
2021.10.27,"[홍콩 시황LIVE] 비트코인 하락, 블록체인 테마주 약세",0
2021.10.27,[비트코인 지금] 7300만원대로 하락…뚝 떨어진 가상화폐 거래대금,0
2021.10.28,"[GAM] 비트코인 레버리지 비율 역대 최고...""대규모 청산에 변동성 커질 것""",1
2021.10.28,"[홍콩 시황LIVE] 美 레버리지 비트코인 ETF 불허, 블록체인株 약세",0
2021.10.28,[비트코인 지금] 7300만원대로 소폭 상승…ETF 이후 호재 ‘잠잠’,1
2021.10.29,[특징주]7300만원대 되찾은 비트코인… 비덴트도 '강세',1
2021.10.29,[비트코인 지금] 7400만원대 회복…엘살바도르 비트코인 420개 추가 매입,1
2021.10.29,"""비트코인 믿는다""…서학개미 일주일새 비트코인 ETF 400억원 샀다",1
2021.10.29,[특징주] 비트코인 7300만원 회복...비덴트 17%대 급등,1
2021.10.29,"[특징주] 비덴트, 비트코인 7300만원대 회복에 주가 급등",1
2021.10.29,"[특징주]비덴트, 비트코인 회복세…빗썸 실적 개선 기대",1
2021.10.29,"""정부 디지털화폐 나오면 비트코인 더 뜬다"" 싱가포르 석학의 예언",1
2021.10.30,'디지털 금'이라는데…연기금도 비트코인 투자 나설까?,1
2021.10.31,"[미국주식 톱픽] 서학개미, 비트코인 ETF '370억' 순매수",1
2021.10.31,"비트코인, 7200만원대로 소폭 하락…여전히 매집하는 대형투자자",0
2021.11.01,[비트코인 지금] 7200만원대에서 숨고르기…높은 인플레이션이 상승세 원인,1
2021.11.02,"[특징주]비덴트, 4분기 비트코인 랠리 전망에 과세유예 기대…빗썸 겹호재",1
2021.11.02,"[비트코인 지금] 7200만원대에서 횡보…美 행정부 “스테이블코인, 은행에 준하는 규제해야”",1
2021.11.03,비트코인 4% 가까이 급등..6만3000달러 넘었다,1
2021.11.03,[비트코인 지금] 7300만원대에서 주춤…마이애미 시장 “월급 비트코인으로 받겠다”,1
2021.11.04,[비트코인 지금] 국내외 시장서 소폭 상승…7450만원·6만3000달러선,0
2021.11.04,"연준 ""이달 테이퍼링 돌입"" 발표, 비트코인은 6만달러선 유지",0
2021.11.04,"[해인싸]""너무 빨랐나"" 美 비트코인 레버리지·인버스·현물 ETF '줄 철회'",0
2021.11.05,"뉴욕시장 “첫 3개월 월급, 비트코인으로”...美 '코인 시티' 노리나",1
2021.11.05,[비트코인 지금] 횡보하는 비트코인…7300만원대에서 주춤,0
2021.11.05,"분석 ""기관투자자, 블루칩 코인 관심.. 비트코인 수요 하락세",0
2021.11.05,"뉴욕 시장, 3개월 급여 비트코인으로 받을 예정",1
2021.11.05,뉴욕 시장 당선인 월급 비트코인으로 받겠다는 속내는,1
2021.11.06,[GAM] 비트코인 6만달러 부근서 횡보...현물ETF '게임체인저' 될 것,1
2021.11.08,[비트코인 지금] 뉴욕시장 연일 파격 행보에…7900만원대로 상승,1
2021.11.08,비트코인 6% 급등.. 이더리움은 사상최고치 갈아치워,1
2021.11.09,[마켓인]“비트코인 ETF가 孝子”…해외 자산운용사 ETF 신청 속속,1
2021.11.09,"이더리움, 4700달러 넘어서며 '사상 최고가'…비트코인도 '최고'",1
2021.11.09,비트코인 6만7000달러 돌파…사상 최고가 경신,1
2021.11.09,"美 자산운용사 뉴버거버만, 블록파이와 비트코인 현물 ETF 신청",1
2021.11.09,"[홍콩 시황LIVE] 비트코인 최고가 경신, 블록체인 테마주 강세",1
2021.11.09,[비트코인 지금] 8200만원 넘었다…사상 최고가 경신,1
2021.11.09,‘코인 1·2위’ 비트코인·이더리움 나란히 사상 최고가 경신…미국서 채굴 관련주도 급등,1
2021.11.09,비트코인 최고가…8200만원도 뚫어,1
2021.11.10,자산으로 자리잡은 비트코인…이젠 구글·아마존급,1
2021.11.10,"[비트코인 지금] 8000만원선에서 횡보…팀 쿡 “애플, 가상화폐 서비스 제공 계획 無”",0
2021.11.11,[비트코인 지금] 7900만원대에서 잠잠…트위터 가상화폐 전담팀 신설,0
2021.11.12,"인플레 우려 속에 비트코인·이더리움 나란히 사상 최고가…비트코인, ETF 상장 힘입어 올 들어 130% ↑",1
2021.11.12,"[비트코인 지금] 7800만원대로 소폭 하락…마이애미 시장 “비트코인 수익, 주민에게 배당”",0
2021.11.13,"미 SEC, 비트코인 직접 투자하는 ETF 승인신청 기각",0
2021.11.13,"美 SEC, 비트코인 현물 기반 ETF 승인 거부‥비트코인 1% 하락",0
2021.11.13,"비트코인, 7700만원대로 소폭 하락…美 SEC, 비트코인 현물 ETF 승인 거절",0
2021.11.14,[GAM] 달아오른 물가에 비트코인·금 '껑충'...연말까지 랠리 지속,1
2021.11.15,[비트코인 지금] 탭루트 업그레이드 완료…8000만원선 다시 넘기도,1
2021.11.15,"비트코인, 4년 만에 업그레이드 ‘탭루트’ 완료…한때 8000만원 재돌파",1
2021.11.16,"[비트코인 지금] 7400만원대로 하락…바이든, 가상화폐 과세안 서명",0
2021.11.16,비트코인 10% 가까이 폭락..6만 달러선 붕괴,0
2021.11.17,"외신 ""마운트곡스 비트코인 배상 계획, 파산관재인 최종 승인 획득...시점은 아직""",0
2021.11.17,"[비트코인 지금] 7200만원대로 하락…트위터 CFO ""가상화폐 투자, 타당성 없어""",0
2021.11.17,"얼마 전 사상 최고 찍더니…6만달러도 깨진 비트코인, 언제쯤 되살아날까",0
2021.11.17,强달러에 흔들리는 가상자산… 비트코인 6만달러 붕괴,0
2021.11.18,"미래에셋 글로벌X, 비트코인 선물·블록체인 기업 투자 ETF 출시",0
2021.11.18,[코인브리핑] 비트코인-이더리움 하락세 '일단 멈춤',0
2021.11.18,[단독] 비트코인 담보로 대출받는다…16% 이자에 한도 제한도 없어,1
2021.11.18,[비트코인 지금] 7300만원대에서 주춤…골드만삭스 CEO “탐욕이 공포를 앞질렀다”,1
2021.11.19,[비트코인 지금] 7000만원대로 하락…상승세 올라탈 호재가 없다,0
2021.11.19,비트코인 담보로 대출받는 ‘비담대’ 등장,1
2021.11.20,"비트코인, 5만6천달러 지지‥주간기준 10% 하락에 당분간 박스권",0
2021.11.21,"비트코인, 다시 6만달러 눈앞…회복세",1
2021.11.21,"비트코인, 7300만원대로 소폭 하락…잠잠해진 가상화폐 시장",0
2021.11.21,"엘살바도르, 10억달러 규모 채권 발행해 비트코인 투자",1
2021.11.22,변동성 장세엔 '분산투자'…원자재·비트코인 전략은?,1
2021.11.22,미 차기 연준 의장 지명 임박…비트코인은 6만달러 하회,0
2021.11.22,조정받는 가상화폐 시장에 비트코인 ETF 수익률 '뚝',0
2021.11.23,파월 연임은 조기 금리 인상?‥나스닥·비트코인 급락,0
2021.11.23,"파월 미 연준 의장 연임, 비트코인은 4% 하락",0
2021.11.23,"외신 ""파월 연준 의장 연임 지명...비트코인에 긍정적일 수 있다""",1
2021.11.23,[비트코인 지금] 파월 Fed 의장 연임하자…7000만원선 붕괴,0
2021.11.24,"IMF의 경고…""엘살바도르, 비트코인 화폐 사용 안 된다""",0
2021.11.24,"""비트코인, 법정통화로 쓰면 안돼""...IMF, 엘살바도르에 또 경고",0
2021.11.24,"비트코인, 터키 리라화 마켓서 신고가.. 리라화 폭락 영향",1
2021.11.24,[비트코인 지금] 세계 곳곳서 들어오는 압박…7000만원대로 하락,0
2021.11.25,[비트코인 지금] 7100만원대로 소폭 하락…NFT 관련 알트코인 약진,0
2021.11.25,"""비트코인보다 이더리움이 낫다""...JP모건이 이더리움 추천한 이유는?",1
2021.11.26,"[비트코인 지금] 7200만원대에서 횡보…모건스탠리, 비트코인 투자 규모 확대",1
2021.11.27,[오미크론변이 충격] 비트코인도 약세장 진입,0
2021.11.28,"프로비트, 가상자산사업자 신고 수리… 코인마켓 지위 획득",1
2021.11.28,"비트코인, 6800만원 후반대까지 하락…이더리움은 510만원대",0
2021.11.29,김치 프리미엄 9월 이후 최고치…비트코인에 몰리는 투심,1
2021.11.29,"메타버스 열기에…일 거래액 샌드박스 2조, 비트코인의 5배",1
2021.11.29,[비트코인 지금] 오미크론 공포에서 벗어나나…7200만원으로 반등,1
2021.11.29,"비트코인·이더리움 동반 반등…전문가들 “오미크론 리스크, 당분간 위험자산에 타격”",0
2021.11.29,"코로나19 오미크론, 비트코인엔 득될까 독될까",0
2021.11.30,"트위터 창업자 잭 도시, 비트코인에 집중키 위해 CEO사임",0
2021.11.30,[비트코인 지금] 7000만원대로 하락…더욱 가상화폐 시장에 발 들이는 옹호론자들,0
2021.12.01,[비트코인 지금] 매파로 변한 파월…7000만원대로 약세,0
2021.12.02,[비트코인 지금] 7000만원대에 머물러…규제 강조하는 게리 겐슬러 SEC 위원장,0
2021.12.03,[비트코인 지금] 7000만원대에서 주춤…전문가 “연내 10만달러 달성 어려워”,0
2021.12.04,"""버블 심각하다"" 워런 버핏 오른팔 경고에 비트코인 10% 급락",0
2021.12.05,"비트코인, 1만달러 폭락...기술주와 동반 추락",0
2021.12.05,비트코인 22% 폭락....장중 4만2000달러선 무너져,0
2021.12.05,비트코인 얼마나 떨어졌길래 150개 '줍줍'…지금은 6200만원대에서 거래,0
2021.12.05,진정하는 비트코인…6200만원대 머물러,1
2021.12.05,비트코인 한때 22% 폭락…4만2천달러 붕괴,0
2021.12.05,찰리 멍거 경고·오미크론 공포... 비트코인 하루동안 25% 급락,0
2021.12.06,[특징주]비트코인 급락에 가상화폐 관련주 '약세',0
2021.12.06,주말 폭락 후 반등…비트코인 한고비 넘겼지만 “최대 40% 추가 하락” 경고도,0
2021.12.06,[비트코인 지금] 6000만원대에 머물러…투자심리도 ‘주춤’,0
2021.12.06,‘비트코인 폭락’에 NFT 관련 게임株 약세…위메이드 10% ↓,0
2021.12.06,비트코인 흔들리자 P2E 게임株도 출렁…옥석가리기 본격화,0
2021.12.07,비트코인 폭락에…코인베이스 주가 장중 2개월래 최저,0
2021.12.07,비트코인 부진한 시장 흐름 속…급등하는 초저가 ‘김치코인’,1
2021.12.07,[비트코인 지금] 6200만원대로 반등…진정하는 가상화폐 시장,1
2021.12.08,[비트코인 지금] 6200만원대 머물러…레이 달리오 “비트코인 포함 자산 다양화 해야”,0
2021.12.08,"""내 월급이 하루 만에 20% 깎이다니""…비트코인 급여 '이럴 수가'",0
2021.12.09,[비트코인 지금] 6100만원대로 소폭 하락…미 투자업체 대표 “비트코인은 최악의 거품”,0
2021.12.10,비트코인 급락에 국내 암호화폐 관련주 동반 하락,0
2021.12.10,[비트코인 지금] 6000만원선 하회…그럼에도 긍정론 펼치는 전문가들,0
2021.12.11,"[위클리마켓뷰] 힘빠진 비트코인, 5만달러 '고군분투'",0
2021.12.11,"""비트코인 채굴, 북미활동으로 전면 회복""",1
2021.12.12,비트코인 5만 달러대 횡보…소폭 상승세 유지,1
2021.12.12,"비트코인, 6100만원대 머물러…인도 총리 가짜 트윗에 투자자들 ‘깜짝’",0
2021.12.13,"ETF 올해 첫 1조달러 돌파...""비트코인·밈 열풍에 판 키워""",1
2021.12.13,[비트코인 지금] 6000만원대로 하락…가상화폐 옹호론자 “폭락 후 저가매수해라”,0
2021.12.14,美 FOMC 앞두고 비트코인 4만7000달러 밑돌아,0
2021.12.14,[코인브리핑] FOMC 앞두고 비트코인 5800만원대로 급락,0
2021.12.14,"""2100만개 비트코인 90% 이상 이미 채굴""…비트코인 한때 7% 이상 급락",0
2021.12.14,밈 주식 추풍낙엽...비트코인도 8% 급락,0
2021.12.14,[비트코인 지금] 5800만원선 하회…FOMC 앞두고 추락,0
2021.12.14,美 FOMC 앞두고… 비트코인 급락,0
2021.12.15,[마켓인] 메타버스 투자나선 거래소들…“비트코인 떨어져도 온고잉”,1
2021.12.15,[비트코인 지금] 다시 6000만원선 하회…머스크 “도지코인으로 테슬라 상품 구매”,0
2021.12.16,"나스닥·비트코인 강세 전환‥""Fed 3번 금리 인상 예고에 시장 안도""",1
2021.12.16,`연준 불확실성 제거` 비트코인 6100만원대 회복,1
2021.12.16,[코인브리핑] FOMC 안도랠리..비트코인 6100만원 회복,1
2021.12.16,[비트코인 지금] Fed 불확실성 해소에 6000만원선 상회,1
2021.12.17,[비트코인 지금] 英 기준금리 인상…비트코인 6000만원선 하회,0
2021.12.17,이용 빈도·시간 급증한 ‘올해의 앱’...집콕·코인 열풍에 넷플릭스·업비트 ‘둥실’,1
2021.12.17,뭉칫돈 몰리는 ETF 시장…비트코인·밈 열풍에 ETF 1조달러 유입,1
2021.12.18,비트코인 3%↓…주요 암호화폐 줄줄이 하락세,0
2021.12.20,비트코인 약세 원인이 아시아?…전문가 “아시아 거대 매도세가 원인…점차 약화되는 중”,0
2021.12.20,[비트코인 지금] 국내외 비트코인 하락세…5700만원·4만6000달러 선 거래,0
2021.12.20,"“미술 NFT, 100배 오른다…비트코인도 상승”",1
2021.12.21,비트코인까지 덮친 오미크론 충격…3개월래 최저 급락,0
2021.12.21,"비트코인, 0.01%가 유통량 27% 장악",0
2021.12.21,[비트코인 지금] 모처럼 반등한 가상화폐…국내서 5900만원선 거래,1
2021.12.22,저가 매수 심리 살아났나…비트코인 5만달러 육박,1
2021.12.22,바이든 “美 셧다운 없다”…상승세 탄 비트코인,1
2021.12.22,"비트코인, 내년 10만달러 돌파 전망 잇따라…바이든 봉쇄 가능성 일축에 3%대 상승",1
2021.12.22,[비트코인 지금] 위험자산 선호심리 확대…6000만원선 넘어서,1
2021.12.23,"신규 상장 코인 널뛰는데…업비트 ""시장 자유"" 뒷짐만",1
2021.12.23,[비트코인 지금] 5900만원대에서 잠잠…엇갈리는 전문가 전망,0
2021.12.23,"앤드어스체인 다온 코인, 프로비트 글로벌 거래소 상장",1
2021.12.24,"비트코인, 5만달러 상향 돌파‥머스크 ""나는 도지코인 지지""",1
2021.12.24,‘산타 랠리’ 왔다…비트코인 급등,1
2021.12.24,"비덴트, 비트코인 5만달러 회복에 '강세'",1
2021.12.24,[비트코인 지금] 美SEC 비트코인 현물 ETF 상장 거절했지만…6200만원대로 상승,1
2021.12.24,‘산타’ 없었던 연말 비트코인 시장…내년엔 10만달러 갈까,0
2021.12.25,비트코인 5만 달러 이상 상승세 지속…내년 전망은 엇갈려,1
2021.12.26,"비트코인, 6000만원대로 하락…잠잠한 가상화폐 시장",0
2021.12.27,美 “코로나 종식될 것”…비트코인 상승세,1
2021.12.27,[비트코인 지금] 줄어드는 거래대금…6100만원대로 소폭 반등,1
2021.12.28,'산타 랠리' 비트코인 고공행진…5만2000달러 근접,1
2021.12.28,비트코인 산타랠리…“내년 10만달러” Vs “코린이 폭락”,1
2021.12.28,"“비트코인 10만달러 돌파, 불가능하지 않다”…내년 암호화폐 6대 키워드 선정",1
2021.12.28,[비트코인 지금] 6000만원선 하회…이 와중에 엘살바도르에서 보안 문제 발생,0
2021.12.29,[비트코인 지금] 산타랠리 상승분 반납…5800만원대로 하락,0
2021.12.29,"글루와 크레딧코인, 업비트 상장..빗썸 이어 양대 마켓 거래",1
2021.12.30,"비트코인, 더 떨어졌다…“내년 코인투자 경고등”",0
2021.12.30,비트코인 비교도 안될만큼 핫했다…올해만 1344% 오른 코인의 정체,1
2021.12.30,"비트코인, 내년 전망도 널뛰기...20만달러 거론되더니 이젠 ""2만5000달러까지 하락""",1
2021.12.30,바이낸스코인 올해 수익률 1372%…비트코인·이더리움 제쳐,1
2021.12.30,"[비트코인 지금] 5700만원대로 소폭 반등했지만…오미크론, 하락세 원인으로 지목",0
2021.12.31,비트코인 하락…“1만달러로 폭락” Vs “10만달러 반등”,0
2021.12.31,[비트코인 지금] 5700만원대에서 횡보하며 한 해 마무리…개선되는 투자심리,1
2021.12.31,비트코인 폭락에도…가상화폐 ETF는 '가즈아',1
2022.01.01,"S&P500, 올해 27% ↑ 마감‥비트코인 60% 상승",1
2022.01.02,[비트코인 비틀기] 비트코인은 왜 1억원을 못 갔을까,0
2022.01.03,파우치 경고 “오미크론 대혼란”…비트코인 끝없는 추락,0
2022.01.03,“비트코인 올해 10만달러 간다” 엘살바도르 대통령 예측…2개국 이상 법정통화 채택 전망도,1
2022.01.03,[비트코인 지금] 5700만원대에서 ‘잠잠’…알트코인은 강세,1
2022.01.04,애플·테슬라 뜨고 비트코인 더 떨어졌다…“코린이 주의보”,0
2022.01.04,"지난해 S&P500 125개 종목, 비트코인보다 수익률 높았다",1
2022.01.04,"넥소 공동창업자, 비트코인 올해 중반에 10만달러까지 상승",1
2022.01.04,[비트코인 지금] 비트코인 탄생 13주년…5600만원대 머물러,1
2022.01.05,"골드만삭스 ""비트코인, 10만달러 간다…금 점유율 뺏어올 것""",1
2022.01.05,"골드만삭스 ""비트코인 가격 10만 달러 가즈아~""",1
2022.01.05,[비트코인 지금] 5600만원대 머물러…골드만삭스 “5년 내 10만달러 넘을 것”,1
2022.01.05,식지 않는 ‘비트코인 10만달러’설…골드만삭스 “5년 내 두 배 오르며 금 위협할 것”,1
2022.01.06,조기 양적긴축 급부상…비트코인 3개월래 최저 급락,0
2022.01.06,[글로벌포스트] 美 FOMC 충격에 비트코인 5% 급락,0
2022.01.06,‘매의 발톱’ 美 연준에 비트코인 폭락…“추가 하락 가능성”,0
2022.01.06,"비트코인 급락했지만…골드만삭스 ""비트코인 디지털 금으로 인식되면 10만 달러 간다""",0
2022.01.06,[코인브리핑] 3월 美 금리인상 공포에 비트코인 하락 깊어진다,0
2022.01.06,"""美연준 돈줄 죈다"" 하자 비트코인 폭락…한달만에 최저치",0
2022.01.06,"[비트코인 지금] 美 Fed, 돈줄 옥죄나…5200만원대로 급락",0
2022.01.06,[GAM] '박스권' 갇힌 비트코인...오히려 투자자 저변 확대 기대,1
2022.01.06,美긴축에 비트코인 직격탄… 5000만원선도 위태,0
2022.01.07,"가상자산 비관론자의 경고…""비트코인은 폰지 사기""",0
2022.01.07,쪼그라든 투심…비트코인 4만3000달러선 무너졌다,0
2022.01.07,美연준 '매파적' 기조에 비트코인 약세…얼어붙은 투자심리,0
2022.01.07,"카드론으로 빚투, 해외거래소 마진거래…비트코인 하락세에 투자자 천태만상",0
2022.01.07,비트코인 추락 '4만달러'도 위태...두 달 새 40% 털썩,0
2022.01.07,카자흐 시위에 왜 비트코인 하락?…세계 2위 채굴지 '인터넷 셧다운',0
2022.01.07,[비트코인 지금] 5100만원대로 하락…여전한 Fed 영향,0
2022.01.07,"[위클리마켓뷰] 연준 여파 지속...비트코인, 6개월 전 회귀",0
2022.01.07,"비트코인, 카자흐 리스크 직격탄…4만1000달러대 '털썩'",0
2022.01.07,카자흐 시위 불안에 비트코인 폭락세 왜?,0
2022.01.09,비트코인 7일 연속 내렸다…3년만 최장 하락세,0
2022.01.09,"비트코인, 5200만원선 하회…시총도 8000억달러 아래로",0
2022.01.10,[글로벌포스트] 비트코인 상승 반전...하락세 멈추나,0
2022.01.10,비트코인 갈림길…“다시 오를 것” Vs “4만불 붕괴”,0
2022.01.10,"""코인 투자자 어쩌나""…비트코인, 고점대비 42% 폭락, 4만달러 붕괴 전망도",0
2022.01.10,[비트코인 지금] 5100만원대에서 주춤…'파월 입'에 몰리는 관심,0
2022.01.10,[포토]美 연준에 흔들리는 비트코인,0
2022.01.10,[포토]비트코인 하락세 가속화...5000만원 사수할까,0
2022.01.10,[포토]위태로운 비트코인…5000만원 사수할까,0
2022.01.10,"[포토]비트코인, 고점 대비 42%↓…4만달러 지지선 깨지나",0
2022.01.10,[포토]비트코인 7 거래일 폭락세 멈추고 상승세,1
2022.01.10,[포토]비트코인 갈림길…“다시 오를 것” Vs “4만불 붕괴”,0
2022.01.10,"[포토]비트코인, 5100만원선에서 보합세",1
2022.01.10,"[포토]비트코인, 7일 연속 폭락세 끝났나… 5100만원선 거래",1
2022.01.10,[포토]비트코인은 약보합권.. 이더리움은 소폭 상승 전환해,1
2022.01.11,비트코인 3만달러대 추락‥나스닥 2% 하락,0
2022.01.11,얼어붙은 투심…비트코인 장중 4만달러 무너졌다,0
2022.01.11,"비트코인, 4만달러 붕괴...테슬라는 1000달러 밑으로",0
2022.01.11,"[GAM] 비트코인, 장중 4만 달러 붕괴…데드크로스 임박",0
2022.01.11,비트코인 4만달러 깨졌다…코인 투자 경고등,0
2022.01.11,"""코인투자자 떨고있나""…'데드크로스' 비트코인 장중 4만 달러 붕괴",0
2022.01.11,"[비트코인 지금] 한때 5000만원선 하회…캐시 우드 ""조정 길지 않을 것""",0
2022.01.11,"비트코인 추풍낙엽...""금리인상 쇼크 가셔야 반등""",1
2022.01.11,비트코인 가격 하락…한때 5000만원 아래로,0
2022.01.11,"1억 간다던 비트코인, 5천만원도 위태...금리인상 공포 확산",0
2022.01.11,"""멘붕 와서 종일 차트만 봤어요""... 비트코인 한때 4만달러선도 붕괴",0
2022.01.11,"‘데드크로스’ 비트코인, 지지선 무너지나?…4개월 만에 한때 4만달러 붕괴",0
2022.01.12,"파월 ""디지털달러 보고서 수주내 발표""‥비트코인 4만2천달러 회복",1
2022.01.12,파월 한 마디에 비트코인 출렁…“또 떨어질 것” Vs “바닥 찍었다”,0
2022.01.12,[비트코인 지금] 다시 5200만원대로 반등…파월 “스테이블코인·CBDC 공존 가능”,1
2022.01.13,"비트코인 1391개 산 엘살바도르 정부, 14% 손실 봤다",0
2022.01.13,인플레 우려 심리 완화‥나스닥·비트코인 상승,1
2022.01.13,비트코인 7만불 돌파하나…상승세 탄 코인 시장,1
2022.01.13,"세계 최초 크립토 은행 ""비트코인 올해 7만5000달러 갈 것""",1
2022.01.13,[비트코인 지금] 5300만원대로 반등…알트코인 상승세에 투심 회복,1
2022.01.14,브레이너드 한 마디에 비트코인 털썩…추가 하락 가능성은?,0
2022.01.14,"[비트코인 지금] 5200만원선 하회…무디스, 엘살바도르에 신용등급 강등 경고",0
2022.01.15,"[GAM] 비트코인 반등이냐 대세 하락이냐...IMF ""증시 파장"" 경고",0
2022.01.17,[GAM] 비트코인 가격 급락에도 '반등 시그널'…강세론자들에 힘싣나,0
2022.01.17,"흔들리는 비트코인, ETF로 투자한다면",0
2022.01.17,푸에르토리코에 비트코인 투자자들이 눌러앉는 이유는?,0
2022.01.17,작년 비트코인 결제 비중 급감…스테이블코인↑,0
2022.01.17,183일만 버티면 수십억 아낀다…비트코인 갑부들이 눌러앉는 '이곳',0
2022.01.17,[비트코인 지금] 5200만원선에서 부진…JP모건 “올해 美 Fed 금리 인상 6~7회”,0
2022.01.17,"비트코인, 가상화폐 결제 비중 65%로 급감…알트코인 ‘급부상’",0
2022.01.18,"'가상화폐 겨울이 온다'‥""비트코인 3만달러 붕괴 각오해야""",0
2022.01.18,"""비트코인, 4만달러서 바닥 찍었다...옵션시장 약세 심리 '실종'""",0
2022.01.18,비트코인 떨어지는데 에이다 ‘나홀로 상승’ 왜?,1
2022.01.18,[비트코인 지금] 5000만원대로 하락…이어지는 부정적 전망,0
2022.01.18,여전히 엇갈리는 비트코인 전망…“거품 꺼지면 3만달러 아래로” vs “반등 신호 확인”,0
2022.01.19,"""비트코인 본격 상승 준비...기술적 지표·수급 강세 예고""",1
2022.01.19,"알고보니 깐부?…안전자산 주목 받던 비트코인, 증시 따라간다",0
2022.01.19,[비트코인 지금] 위태로운 5000만원선…줄어드는 거래대금,0
2022.01.20,"[글로벌포스트] ""비트코인, 美 긴축에 주식과 동반하락"" 경고 잇따라",0
2022.01.20,"[코인브리핑] 비트코인, 美 주식과 동반 하락.. 5000만원대",0
2022.01.20,"4만달러 깨진 비트코인... ""美 증시와 동반 하락할 것""",0
2022.01.20,"블룸버그 애널리스트 ""美 증시 10~20% 하락 전망...비트코인도 동반 하락""",0
2022.01.20,[비트코인 지금] 5000만원대에서 횡보…SEC 위원장 “거래소 단속 확대할 것”,0
2022.01.21,미 증시 따라 움직이는 비트코인…4만1000달러대 급락,0
2022.01.21,코인 시장 급랭…비트코인 5천만원 붕괴 위기,0
2022.01.21,[비트코인 지금] 5000만원선 하회…美 증시 따라가는 가상화폐 시장,0
2022.01.21,"미 뉴욕시장 ""3개월 월급 비트코인·이더리움으로 교환""",1
2022.01.21,"비트코인 등 가상자산 가격, 24시간동안 7~8% 급락",0
2022.01.21,"비트코인 어쩌나…'채굴 3위' 러시아마저 ""캐지 마라""",0
2022.01.21,"엘살바도르, 비트코인 법화채택 4개월...""디폴트 우려""",0
2022.01.21,"비트코인, 대세 상승장 끝났나요? “3만달러 붕괴될 수도”…고개 드는 비관론",0
2022.01.22,"[GAM] ""주가 하락=비트코인 하락""...결국 4만달러 붕괴",0
2022.01.22,"비트코인 11% 폭락...암호화폐, 기술주 급락에 무너져",0
2022.01.22,"비트코인, 5000만→4000만원…연준 긴축 `악재`",0
2022.01.22,"美 나스닥 하락, 금리 인상 전망에 폭락하는 비트코인",0
2022.01.22,"달러 조이자 비트코인 등 암호화폐 급락…""더 떨어질 것""",0
2022.01.22,"[위클리마켓뷰] 비트코인·이더리움, 반년전으로 회귀",0
2022.01.23,코인 시장 하락세…비트코인 4천만원 붕괴 임박,0
2022.01.23,"'비트코인 월급' 받은 뉴욕 시장, 하루 사이 10% '증발'",0
2022.01.23,"비트코인 석달새 반토막, 시가총액 744조원 사라져",0
2022.01.23,"“당신이 보유한 비트코인은 얼마”…통계청, 올해부터 조사",0
2022.01.23,"통계청, 올해부터 가계금융복지 조사 때 비트코인도 포함",0
2022.01.23,[비트코인 비틀기] 점점 커지는 거래소의 책임…투자자 보호 두터워질까,0
2022.01.24,"비트코인, 3중고에 '휘청'…""3만불도 위험"" Vs ""설이후 반등""",0
2022.01.24,"[GAM] '4만 달러 붕괴' 비트코인…""다음은 3만 달러""",0
2022.01.24,반토막 난 비트코인…6개월 만에 최악,0
2022.01.24,"비트코인, FOMC 이후 3만달러 하회 가능성",0
2022.01.24,"(영상)통계청, 올해부터 가계금융복지 조사 때 비트코인도 포함",0
2022.01.24,"비트코인, 6개월 만에 3만5000달러 밑돌아…25~26일 FOMC 예의 주시",0
2022.01.24,[비트코인 지금] FOMC 불안감에…4300만원대로 하락,0
2022.01.24,美 FOMC 회의 임박…비트코인·이더리움 가상자산 '출렁',0
2022.01.24,"추락하는 비트코인, 시세 6개월 뒷걸음질에 단기투자자 99% 손실",0
2022.01.24,디지털위안·루블 이어 '디지털달러'도?...비트코인 '빙하기' 시작,0
2022.01.24,"반년만에 최악된 비트코인… ""단기투자자 99% 손실""",0
2022.01.25,미 증시 폭락에 비트코인 약세…3만달러선 무너지나,0
2022.01.25,비트코인 3만4000달러도 붕괴...하루만에 1300억달러 증발,0
2022.01.25,"비트코인 믿었던 투자자들 어쩌나…전문가 ""3만 달러 무너질 수도""",0
2022.01.25,[비트코인 지금] 점점 커지는 변동성…블룸버그 “3만달러까지 하락 가능성”,0
2022.01.25,"밤새 ‘롤러코스터’ 탄 비트코인, 美 나스닥 반등에 12% 상승…가격 전망은?",0
2022.01.25,"[자산 대폭락] ④ 비트코인 반토막…""저항선 3만달러, 곧 반등""",0
2022.01.25,"[GAM] 비트코인 하락세 끝나지 않았다 ""3만달러까지 추가 하락""",0
2022.01.25,"'비트코인으로 첫 월급' 미 뉴욕시장…""사흘간 110만원 손실""",0
2022.01.26,"IMF ""엘살바도르, 비트코인 법정통화 채택 철회하라""",0
2022.01.26,FOMC에 우크라이나 사태까지…얼어붙은 비트코인,0
2022.01.26,"""가상화폐 겨울 또 오는건가?""…비트코인 이더리움 최고점대비 반토막",0
2022.01.26,[비트코인 지금]美 주식 하락에도 소폭 상승,1
2022.01.27,"[GAM] ""비트코인 1만4000달러까지 추락 가능""",0
2022.01.27,‘매의 발톱’ 파월에 숨죽인 코인…IMF “비트코인 위험”,0
2022.01.27,"[비트코인 지금]IMF, 엘살바도로 경고장 여파로 2% 넘게 급락",0
2022.01.28,증시 따라가는 비트코인…'연준 충격' 장중 또 급락,0
2022.01.28,"맥못추는 비트코인 장세, 전문가 전망도 엇갈려...장기침체 vs. 저가매수",0
2022.01.28,"반토막 난 비트코인을 어찌할꼬…손절이냐, 버티기냐",0
2022.01.29,"노벨상 크루그먼 ""비트코인, 서브프라임 사태와 유사""",0
2022.01.29,"업비트, 설연휴 입출금 '불가'…세뱃돈으로 코인 투자 못한다",0
2022.01.30,[GAM] '두 달 새 반토막' 비트코인 바닥은 대체 어디? 기술적 지표 '혼란',0
2022.01.30,`매파 FOMC` 두렵지 않다…여전한 비트코인 낙관론 왜?,1
2022.01.30,비트코인 소폭 오름세…4700만원대 거래,1
2022.01.30,비트코인 '숨고르기'…4700만원대로 올라,1
2022.01.30,"반토막 난 비트코인, 4700만원대 '숨 고르기'",0
2022.01.30,"""아직 기회있다""…비트코인으로 55배 수익 거둔 기욤 패트리의 투자 비법은?",1
2022.02.01,"[글로벌포스트] ""비트코인 50% 하락 이변 아냐""",0
2022.02.01,"엘살바도르, IMF의 비트코인 법정통화 취소 요구 거절",0
2022.02.01,뉴욕증시 3대 지수 상승 마감에 비트코인 4700만원대 회복,1
2022.02.02,비트코인 투자자라면…적어도 이것 3개는 필수 체크,1
2022.02.02,"""두 달새 반토막 났지만""…비트코인 서서히 오른다, 한때 4800만원대 진입",1
2022.02.03,"“미 정부 암호화폐 규제, 비트코인에 긍정적”",1
2022.02.03,[비트코인 지금]오후들어 보합세…美 규제 강화 움직임 호재될까,1
2022.02.04,[비트코인 지금] 4600만원대에서 지지부진…거래량도 감소세,0
2022.02.05,"[GAM] ""올해 비트코인·이더리움, 유가 강세 앞지른다""",1
2022.02.05,[비트코인 지금]아마존 호실적에 위험자산 투심 회복…5000만원 돌파,1
2022.02.06,비트코인 4만 달러대 랠리…美면세법안·나스닥 상승 영향,1
2022.02.06,[비트코인 지금] 이틀 연속 5000만원대 유지…'金대체론' 다시 부상,1
2022.02.07,비트코인 5000만원 회복…주가는 아직도 새벽,1
2022.02.08,"테슬라, 작년 비트코인 투자로 2700만달러 순익",1
2022.02.08,[특징주]비트코인 4일 연속 강세…비덴트 등 급등,1
2022.02.08,[비트코인 지금]5400만원대 돌파…일주일 상승 랠리,1
2022.02.09,[비트코인 지금] 5300만원대 보합세…거래대금은 증가,1
2022.02.10,"JP모간 ""비트코인 적정가 3만8000달러...12% 더 떨어져야""",0
2022.02.10,"[비트코인 지금]5300만원대 유지…JP모건, 3만8000달러~5만달러 추산",1
2022.02.11,"""비트코인 1만달러까지 추락 가능...연준 긴축 때문""",0
2022.02.11,[비트코인 지금]나스닥 지수 하락에 5200만원대로 주저앉아,0
2022.02.11,"[코인브리핑] 치솟은 美 물가, 금리인상 압박에 비트코인 하락세",0
2022.02.11,"인도 중앙은행장 ""비트코인, 17세기 튤립 버블만도 못하다""",0
2022.02.12,[비트코인 지금]美 기술주 '출렁'… 5100만원선도 '흔들',0
2022.02.13,[비트코인 지금]우크라 무력충돌 가능성↑… 거래량 급감,0
2022.02.14,[비트코인 지금]우크라 사태에 약세…디지털자산 투심 '위축',0
2022.02.14,"비트코인, 우크라 침공 우려에 급락...""반등에 6개월 걸릴 것""",0
2022.02.14,'추적 어려운 비트코인' 미국서 이혼소송 재산권 분할 쟁점 부상,1
2022.02.15,"[글로벌포스트] 우크라이나 공포에도 비트코인 안정세,,,4.2만달러 유지",1
2022.02.15,[비트코인 지금]우크라 사태 경계 속 2.32%↑… 5200만원대 회복,1
2022.02.16,"비트코인, 우크라 긴장 완화에 4% 급등...""저항선은 4만6000달러""",1
2022.02.16,[특징주]비트코인 상승에 비덴트·인바이오젠 급등,1
2022.02.16,[비트코인 지금]우크라 사태 완화에 오름세…거래량 급증,1
2022.02.17,"[코인 시황] 비트코인 소폭 하락...""4만1575달러 지지가 관건""",0
2022.02.17,"""암호화폐 겨울 아닌 가을""…비트코인 5만3000달러 반등 가능",1
2022.02.17,[비트코인 지금]'예상 수준' FOMC 의사록에 보합세…우크라 사태는 여전히 변수,1
2022.02.18,우크라 전운에 금값 급등·비트코인 급락,0
2022.02.18,[비트코인 지금]우크라 전쟁 위기에 투심도 '공포'…5000만원 붕괴,0
2022.02.18,"""비트코인, 올해 횡보하다 내년 1만달러까지 급락 가능""",0
2022.02.19,'우크라 사태' 긴장 지속…4만달러 깨진 비트코인 '회복',1
2022.02.19,"[비트코인 지금] 러시아, 우크라 침공 임박 소식에 하락세…4800만원대 '추락'",0
2022.02.20,[비트코인 지금]우크라 공포로 투심 '꽁꽁…거래대금 37% 급감,0
2022.02.20,비트코인 4만달러 깨졌다....전쟁 위기-가파른 금리인상 '이중고',0
2022.02.21,비트코인 3만8000달러 붕괴…우크라 위기 등에 '극도의 공포',0
2022.02.21,비트코인 일시 3만8000달러 붕괴…우크라 위기 등에 '극도의 공포',0
2022.02.21,"[코인 시황] 비트코인 일시 3만8000달러 붕괴...""다음 지지선은 3만5000달러""",0
2022.02.21,[비트코인 지금]우크라 사태 점입가경에 하락세…알트코인도 '추락',0
2022.02.21,"비트코인 '불장', 2024년까지는 어려워",0
2022.02.21,"후오비 공동 창업자 ""비트코인 강세장 2024년까지 안 올것""",0
2022.02.21,"고점서 반토막 비트코인, 우크라 사태 직격탄… ""2024년 말까지 강세장 없을 것""[우크라 전쟁 위기 최고조]",0
2022.02.22,우크라이나 침공 명령…비트코인 3만8천달러 붕괴,0
2022.02.22,[비트코인 지금]고조되는 우크라 사태에 약세…4500만원대 하락,0
2022.02.22,"""비트코인 저지선 3만달러…알트코인 주목""",0
2022.02.22,"비트코인, 우크라이나 사태 여파 하락",0
2022.02.22,"비트코인 투자자들 한숨 깊어지는데...""2024년까지 약세"" 전망도",0
2022.02.22,"라구람 라잔 ""비트코인 주류 자산에…배척 말고 제도권 편입해야""",1
2022.02.23,"[글로벌포스트] 비트코인 급락세 진정...""상승 기대는 어려워""",1
2022.02.23,“우크라이나 최악은 피했다”…반등한 비트코인,1
2022.02.23,"[코인 시황] 비트코인 일시 3만7000 아래로 추락...""다음 지지선은 3만달러""",0
2022.02.23,"장기 지지선 지켜낸 비트코인 ""미국 증시보다 아웃퍼폼""",1
2022.02.23,[비트코인 지금] 전쟁 공포에 관련 ETF도 무너졌다,0
2022.02.24,"“미·러, 향후 1~2주 최대 고비”…움츠린 비트코인",0
2022.02.24,[비트코인 지금]우크라 전면전 임박에 '약세' 지속…투심도 '꽁꽁',0
2022.02.25,[코인 시황] 비트코인 9% 급락 후 반등...1% 넘게 상승 중,1
2022.02.25,바이든 “우크라이나 파병 없다”…반등하는 비트코인,1
2022.02.25,[비트코인 지금] 우크라 사태에도 깜짝 반등… 거래량 113%↑,1
2022.02.26,우크라이나 “정전협상”…비트코인 3만9천달러 돌파,1
2022.02.26,[비트코인 지금]러-우크라 협상 가능성에 소폭 상승,1
2022.02.27,우크라이나 사태 장기화 조짐…비트코인 다시 하락세,0
2022.02.28,"[코인 시황] 비트코인, 4만달러 돌파 실패하며 3만8000대로 밀려",0
2022.02.28,[비트코인 지금] 러시아 금융 제재 강화에 하락…투심도 '꽁꽁',0
2022.03.01,스위프트 축출에 러시아 매수 집중…비트코인 15% 급등,1
2022.03.01,[비트코인 지금] 하루만에 14% 급등…경제 제재에 러시아인 매수,1
2022.03.02,달러 대신 비트코인이라도..러시아 사재기에 급등,1
2022.03.02,[코인 시황] '러시아·우크라 수요'에 비트코인 이틀째 랠리,1
2022.03.02,[특징주]비트코인 폭등에 비덴트 6%대 강세,1
2022.03.02,"[특징주] 비덴트, 러시아 비트코인 수요 급증 소식에 ↑",1
2022.03.02,"[특징주] 비덴트, 비트코인 가격 상승에 '강세'",1
2022.03.02,[비트코인 지금]러 루블화 폭락에 비트코인 사재기…알트코인도 ↑,1
2022.03.02,"러시아 사재기-안전자산 인정...비트코인, 하루만에 20% 급등",1
2022.03.02,폭락한 루블화로 가상자산 사재기… 비트코인 20% 급등,1
2022.03.03,[비트코인 지금] 가상화폐 제재 추진 소식에 상승세 주춤…거래량 10% ↓,0
2022.03.03,[코인 시황] 비트코인 랠리 후 숨고르기...인플레·우크라 사태 경계,0
2022.03.03,"미국·EU ""러시아, 비트코인 거래 규제 검토 중""",0
2022.03.03,국내 가상화폐 거래소 '러 제재' 동참...업비트·빗썸·코인원·코빗 등 러시아IP 차단,0
2022.03.04,이틀연속 코인시장 하락세…비트코인 4만2000달러,0
2022.03.04,"[코인 시황] 비트코인 이틀째 약세...""투자자 매집 단계""",0
2022.03.04,[비트코인 지금]러시아 가상화폐 제재 소식에 하락세…투심도 ↓,0
2022.03.05,"[비트코인 지금] 러시아, 우크라 원전 점령에 하락세…3만9000달러선 깨져",0
2022.03.07,푸틴 “협상 아니면 전쟁”…위축된 비트코인,0
2022.03.07,"[코인 시황] 비트코인 3만9000달러도 붕괴...""3만달러 추가 하락 가능""",0
2022.03.07,[비트코인 지금]우크라 전쟁 장기화 조짐에 '약세',0
2022.03.08,[코인 시황] 유가 급등에 비트코인 3만8000달러도 붕괴,0
2022.03.08,비트코인 3만9000달러 붕괴…“극단적 공포 상태”,0
2022.03.08,[비트코인 지금] 美 나스닥 3%대 급락에 하락세,0
2022.03.09,"'부자아빠 가난한아빠' 저자 ""비트코인에 작별을"" 찬양론서 돌아선 이유는",0
2022.03.09,[비트코인 지금] 우크라 사태에도 7% 급등…거래량도 13% ↑,1
2022.03.10,"[코인 시황] 비트코인, 바이든 행정명령에 4만1000달러선 회복",1
2022.03.10,[비트코인 지금] 美 가상화폐 제재 완화 기대에 상승세,1
2022.03.10,"美, 가상자산 연구 행정명령… 비트코인 9% 급등",1
2022.03.11,[코인 시황] 비트코인 4만달러 다시 붕괴...우크라 사태+긴축 우려,0
2022.03.11,글로벌 인플레 공포…비트코인 4만달러 붕괴,0
2022.03.11,[비트코인 지금] 7% 급등 뒤 5% 폭락 롤러코스터,0
2022.03.12,[비트코인 지금]투심 '시들'…4800만원대 보합세,0
2022.03.14,美 기준금리 결정 회의 앞두고 비트코인 약세,0
2022.03.14,[비트코인 지금] 美 기준금리 인상·유럽 규제 움직임에 하락세,0
2022.03.15,[비트코인 지금] 유럽의회서 규제 법안 부결되자 상승세,1
2022.03.15,"'위험자산' 비트코인, 전쟁에 강했다",1
2022.03.16,[코인 시황] 비트코인 39K로 반등...지난주 BTC 유출량 4년래 '최다',1
2022.03.16,비트코인 3만9000달러대…이더리움 1% 상승,1
2022.03.16,[비트코인 지금] 美 금리 인상 우려에 하락세…거래대금도 ↓,0
2022.03.16,비트코인 고래의 수상한(?)움직임...상승 시그널?,1
2022.03.17,"[글로벌포스트] 新채권왕 건들락 ""당분간 금보다 비트코인 살 것""",1
2022.03.17,파월 “美 경제 강해”…비트코인 5000만원 돌파,1
2022.03.17,"[코인브리핑] ""예상만큼 금리 올린 FOMC""..비트코인 5000만원 회복",1
2022.03.17,[비트코인 지금]예고된 美금리 인상에 투심 회복…거래대금 70% ↑,1
2022.03.17,"업비트, 코인 오입금 3만건-1540억 복구…“안심 투자”",1
2022.03.18,"[코인 시황] 비트코인 40K 웃돌며 횡보세...""FOMC로 불확실성 제거""",0
2022.03.18,[비트코인 지금]美 금리 인상 후 하락세…투심도 ↓,0
2022.03.19,[위클리마켓뷰] 美금리인상 불구 비트코인 오히려 올라,1
2022.03.20,[비트코인 지금] 투심 회복에 4만2000달러대 근접,1
2022.03.21,[비트코인 지금]5000만원에서 투심 '주춤' …반등 기대감 '솔솔',1
2022.03.22,"[글로벌포스트] 골드만삭스, 비트코인 파생상품 거래 개시..월街 첫 사례",1
2022.03.22,"[코인브리핑] 비트코인, 골드만삭스 비트코인 파생상품 거래에 5천만원대 안착",1
2022.03.22,[비트코인 지금] 연준 의장 '매파' 발언·채굴 난이도 하락에 약세,0
2022.03.22,골드만삭스 비트코인 파생상품 거래 시작…비덴트 10%↑,1
2022.03.22,"[특징주] 비덴트, 11% 올라 시총 1조...'비트코인 상승+메타버스 기대'",1
2022.03.22,"[특징주] 비덴트, 비트코인 상승에 메타버스 진출 기대감 '강세'",1
2022.03.22,"골드만삭스, 美 은행 중 처음 비트코인 옵션 장외거래 시작",1
2022.03.23,[비트코인 지금] 美 증시 상승·불확실성 해소로 오름세…거래량 22.7% ↑,1
2022.03.24,[코인 시황] 비트코인 1% 가까이 하락...4만달러 지지선은 유지,0
2022.03.24,"업비트-빗썸·코인원·코빗, 트래블룰 한달 '연기'",1
2022.03.24,[비트코인 지금] 채굴 난이도 높아지자 상승세…투심도 회복,1
2022.03.24,"시행 하루 남았는데…업비트-빗썸·코인원·코빗, 한달간 상호 입출금 불가",0
2022.03.24,"빗썸·업비트·코빗·코인원, 트래블룰 이행…솔루션 연동은 한달 연기",0
2022.03.24,내일부터 업비트-빗썸 간 코인전송 안된다...가상자산 트래블룰 의무화,0
2022.03.24,"빗썸·업비트·코빗·코인원, 특금법 따라 트래블룰 이행",0
2022.03.25,"[코인 시황] 비트코인 일시 44K 돌파...러, 비트코인 석유 결제 시사",1
2022.03.25,예상보다 좋은 美 고용지표…비트코인 반등,1
2022.03.25,[비트코인 지금] 러시아 원유·천연가스 결제 추진 소식에 상승세,1
2022.03.25,"[위클리마켓뷰] 비트코인·이더리움, 본격 상승랠리 재현할까",1
2022.03.26,"러시아 원유 결제에 비트코인 사용?…""美 중심 가상자산 규제 심화할 것""",0
2022.03.27,비트코인 5300만원대..러시아 원유 결제 대안에 상승세,1
2022.03.27,[비트코인 지금] 연이은 호재성 소식에 상승세…투심도 회복,1
2022.03.28,"[코인 시황] 비트코인 45K도 돌파...""6월말 10만달러 가능성""",1
2022.03.28,"[특징주]비덴트, 비트코인 4만6000달러 돌파 속 2% 상승",1
2022.03.28,[비트코인 지금] 석달여만에 4만6700달러 돌파…거래량 76% ↑,1
2022.03.28,"비트코인, 석달만에 4.7만달러 돌파...제도권 수용 결과",1
2022.03.28,"美 ""혁신 걸맞은 규제 마련""... 비트코인 5700만원대 회복",1
2022.03.29,올해 최고치 경신한 비트코인…4만7000달러 돌파,1
2022.03.29,[비트코인 지금] 다시 랠리…올해 최고점 찍나,1
2022.03.29,[코인브리핑] 비트코인 8일 연속 상승..5700만원 넘어서,1
2022.03.30,"[코인 시황] 비트코인 숨고르기...""다음 목표는 5만1000달러""",0
2022.03.30,[비트코인 지금] 잠시 숨고르기로 하락…큰손 매수에 상승 기대 여전,0
2022.03.31,[비트코인 지금] 가격 오르자 관련 ETF도 뛴다,1
2022.04.01,[비트코인 지금] 유럽 자금세탁방지 규제 강화 소식에 '약세',0
2022.04.04,[비트코인 지금] 90% 채굴 완료…희소성 높아지자 상승세,1
2022.04.05,"[코인 시황] 비트코인 47.4K찍고 후퇴...""200일 이평선 돌파가 관건""",0
2022.04.05,비트코인 4만6000달러·이더리움 3500달러 '보합세',1
2022.04.05,[비트코인 지금] 美 증시 훈풍·채굴 난이도 높아지자 오름세,1